id_pobytu,data_przyjazdu,data_wyjazdu,nr_dowodu,nr_pokoju
1,1.07.2022,2.07.2022,MZP112190,401
2,1.07.2022,2.07.2022,DAE905064,220
3,1.07.2022,2.07.2022,SZH897459,102
4,1.07.2022,2.07.2022,ARC412835,118
5,1.07.2022,2.07.2022,LWM760764,104
6,1.07.2022,2.07.2022,LCD769665,318
7,1.07.2022,2.07.2022,TKM240144,211
8,1.07.2022,2.07.2022,UEM872786,409
9,1.07.2022,2.07.2022,JEH377028,202
10,1.07.2022,2.07.2022,KIA596943,201
11,1.07.2022,2.07.2022,LAA778195,206
12,1.07.2022,3.07.2022,DNG591964,301
13,1.07.2022,2.07.2022,HAU986238,303
14,1.07.2022,2.07.2022,RKE241069,208
15,1.07.2022,2.07.2022,EDJ564662,109
16,1.07.2022,2.07.2022,RRB633560,204
17,1.07.2022,2.07.2022,DUZ765135,307
18,1.07.2022,2.07.2022,WCC794017,417
19,1.07.2022,3.07.2022,BLX806887,212
20,1.07.2022,2.07.2022,SNJ584121,407
21,1.07.2022,2.07.2022,CNM980541,404
22,1.07.2022,2.07.2022,AAJ461282,219
23,1.07.2022,2.07.2022,RRD240460,308
24,1.07.2022,4.07.2022,DKT219262,105
25,1.07.2022,2.07.2022,BTC477700,415
26,1.07.2022,2.07.2022,ZLM300860,313
27,2.07.2022,3.07.2022,REC657172,505
28,2.07.2022,3.07.2022,CIF651243,410
29,2.07.2022,3.07.2022,DSS331880,414
30,2.07.2022,3.07.2022,BRJ312324,215
31,2.07.2022,3.07.2022,ZNW356990,111
32,2.07.2022,3.07.2022,TWM724248,306
33,2.07.2022,3.07.2022,JOE181006,209
34,2.07.2022,3.07.2022,ZJR270357,120
35,2.07.2022,4.07.2022,SGT217959,310
36,2.07.2022,3.07.2022,RZR206511,420
37,2.07.2022,3.07.2022,SSG692556,413
38,2.07.2022,3.07.2022,DSD263750,210
39,2.07.2022,3.07.2022,EEW569821,506
40,2.07.2022,3.07.2022,MBD788759,116
41,2.07.2022,5.07.2022,OCA656442,107
42,2.07.2022,3.07.2022,UCH917309,217
43,2.07.2022,3.07.2022,ALX931982,110
44,2.07.2022,4.07.2022,OWA866865,314
45,3.07.2022,4.07.2022,LAG858817,114
46,3.07.2022,4.07.2022,TJC577804,119
47,3.07.2022,4.07.2022,NME348579,104
48,3.07.2022,4.07.2022,CNM331379,402
49,3.07.2022,4.07.2022,CTS964590,302
50,3.07.2022,4.07.2022,MBD776767,406
51,3.07.2022,4.07.2022,OLC411350,214
52,3.07.2022,4.07.2022,RRW210814,508
53,3.07.2022,6.07.2022,ZRD201664,112
54,4.07.2022,5.07.2022,RWU935362,311
55,4.07.2022,5.07.2022,RNW733993,509
56,4.07.2022,7.07.2022,ORS792456,501
57,4.07.2022,8.07.2022,ORG855713,317
58,4.07.2022,5.07.2022,DAA377706,312
59,4.07.2022,5.07.2022,NWF764495,403
60,4.07.2022,5.07.2022,DCM709317,304
61,4.07.2022,5.07.2022,RMS452742,305
62,4.07.2022,5.07.2022,LZG628588,507
63,4.07.2022,5.07.2022,RKJ710368,504
64,4.07.2022,5.07.2022,DCM581745,216
65,4.07.2022,5.07.2022,WEP972778,203
66,4.07.2022,5.07.2022,ZMH353961,205
67,4.07.2022,5.07.2022,KCT662380,412
68,4.07.2022,5.07.2022,SAS253401,320
69,4.07.2022,5.07.2022,URW282485,207
70,4.07.2022,6.07.2022,OMH575366,408
71,4.07.2022,5.07.2022,DMD770179,419
72,4.07.2022,6.07.2022,BRB662832,315
73,4.07.2022,5.07.2022,RWD694777,101
74,5.07.2022,6.07.2022,RAS236871,108
75,5.07.2022,6.07.2022,IRJ743905,115
76,5.07.2022,6.07.2022,AAW596622,418
77,5.07.2022,6.07.2022,CAT747380,113
78,5.07.2022,6.07.2022,YCT199664,103
79,5.07.2022,6.07.2022,RRP910432,316
80,5.07.2022,6.07.2022,ERM639718,106
81,5.07.2022,6.07.2022,CAB693780,319
82,5.07.2022,6.07.2022,ZAM370165,502
83,6.07.2022,9.07.2022,AZM441602,509
84,6.07.2022,7.07.2022,LRM698244,102
85,6.07.2022,7.07.2022,ETZ924648,409
86,6.07.2022,9.07.2022,YNS984314,208
87,6.07.2022,7.07.2022,IGC681225,207
88,6.07.2022,7.07.2022,UMA338977,406
89,6.07.2022,7.07.2022,MNZ883486,418
90,6.07.2022,8.07.2022,DRT331538,318
91,6.07.2022,7.07.2022,COP438280,201
92,6.07.2022,7.07.2022,PAB977065,108
93,6.07.2022,7.07.2022,CRU699878,210
94,6.07.2022,7.07.2022,AWG102489,202
95,6.07.2022,7.07.2022,RDU676711,305
96,6.07.2022,8.07.2022,NRU283449,204
97,6.07.2022,7.07.2022,LTA246778,111
98,6.07.2022,7.07.2022,EKD802545,313
99,6.07.2022,7.07.2022,EDJ564662,217
100,6.07.2022,7.07.2022,BLX806887,303
101,6.07.2022,7.07.2022,UYW535472,310
102,6.07.2022,8.07.2022,OZR230478,315
103,6.07.2022,7.07.2022,LNB791788,407
104,7.07.2022,8.07.2022,GMU219892,504
105,7.07.2022,8.07.2022,EDM733986,206
106,7.07.2022,8.07.2022,NAD793510,308
107,7.07.2022,8.07.2022,ZWB583579,502
108,7.07.2022,8.07.2022,ANA920725,319
109,7.07.2022,8.07.2022,AZA699826,211
110,7.07.2022,8.07.2022,AGW642693,402
111,7.07.2022,10.07.2022,WNK453188,214
112,7.07.2022,8.07.2022,LKK542319,112
113,7.07.2022,8.07.2022,OTA219926,216
114,7.07.2022,8.07.2022,GTB460294,215
115,7.07.2022,10.07.2022,SOW507048,404
116,7.07.2022,9.07.2022,RRW210814,101
117,7.07.2022,8.07.2022,CAC290569,301
118,7.07.2022,8.07.2022,UMU870948,205
119,7.07.2022,8.07.2022,CNB608234,213
120,7.07.2022,8.07.2022,IRP123227,203
121,7.07.2022,8.07.2022,DKT219262,212
122,7.07.2022,8.07.2022,DES604776,420
123,7.07.2022,8.07.2022,ZRD201664,114
124,7.07.2022,9.07.2022,ECW163676,320
125,7.07.2022,8.07.2022,OPD420628,311
126,7.07.2022,8.07.2022,STF452258,118
127,7.07.2022,8.07.2022,ZNJ707704,314
128,7.07.2022,8.07.2022,MRJ555488,116
129,8.07.2022,9.07.2022,ALX130175,104
130,8.07.2022,9.07.2022,STU761241,220
131,8.07.2022,9.07.2022,OAF401894,113
132,8.07.2022,9.07.2022,SKG991730,119
133,8.07.2022,9.07.2022,EKS474398,501
134,8.07.2022,9.07.2022,EKJ132667,317
135,8.07.2022,9.07.2022,CTW956680,309
136,8.07.2022,9.07.2022,TGC743947,403
137,8.07.2022,9.07.2022,RNK542437,503
138,8.07.2022,9.07.2022,LAG858817,416
139,8.07.2022,9.07.2022,AZP120173,506
140,8.07.2022,9.07.2022,MBD776767,110
141,8.07.2022,9.07.2022,LCM712208,410
142,8.07.2022,9.07.2022,IZS508691,505
143,8.07.2022,9.07.2022,EAW243290,414
144,8.07.2022,9.07.2022,CYA364758,312
145,9.07.2022,10.07.2022,JRD545353,306
146,9.07.2022,10.07.2022,PAM479742,307
147,9.07.2022,10.07.2022,JNC170163,413
148,9.07.2022,10.07.2022,ZOE487456,105
149,9.07.2022,10.07.2022,RMK774243,109
150,9.07.2022,10.07.2022,OBR535752,120
151,9.07.2022,10.07.2022,RJT752154,510
152,9.07.2022,10.07.2022,LKA793908,209
153,9.07.2022,10.07.2022,LRC327622,316
154,9.07.2022,10.07.2022,CCE703436,507
155,9.07.2022,10.07.2022,JAU314979,107
156,9.07.2022,10.07.2022,WNR299306,419
157,9.07.2022,10.07.2022,MOE708692,417
158,9.07.2022,10.07.2022,ZRW627657,302
159,9.07.2022,12.07.2022,COR595349,411
160,9.07.2022,10.07.2022,BRJ312324,219
161,9.07.2022,10.07.2022,IRC248709,415
162,9.07.2022,10.07.2022,ORM915203,203
163,9.07.2022,12.07.2022,CNM635332,304
164,9.07.2022,11.07.2022,ZCP317779,220
165,9.07.2022,10.07.2022,AKR293566,208
166,9.07.2022,10.07.2022,AGU366016,309
167,9.07.2022,11.07.2022,CKU965761,418
168,9.07.2022,10.07.2022,ZRA543776,401
169,9.07.2022,10.07.2022,TTT120645,407
170,9.07.2022,10.07.2022,DTK214225,207
171,9.07.2022,10.07.2022,EEE940235,409
172,9.07.2022,10.07.2022,LEW271236,405
173,10.07.2022,11.07.2022,RRE496315,316
174,10.07.2022,11.07.2022,RLM713217,412
175,10.07.2022,11.07.2022,URW282485,307
176,10.07.2022,11.07.2022,TRW192264,111
177,10.07.2022,11.07.2022,DWG351339,120
178,10.07.2022,11.07.2022,SGT217959,413
179,10.07.2022,11.07.2022,DAA377706,217
180,10.07.2022,11.07.2022,SOE850213,214
181,10.07.2022,11.07.2022,TNA411964,212
182,10.07.2022,11.07.2022,BKW837550,112
183,10.07.2022,13.07.2022,NCC661466,218
184,10.07.2022,11.07.2022,RKJ710368,408
185,10.07.2022,11.07.2022,OWA866865,119
186,10.07.2022,11.07.2022,WOA600490,201
187,10.07.2022,11.07.2022,RAC222073,115
188,10.07.2022,13.07.2022,CMH328081,404
189,10.07.2022,11.07.2022,LAA703384,305
190,10.07.2022,11.07.2022,KLH143380,102
191,10.07.2022,11.07.2022,OTK325652,503
192,10.07.2022,12.07.2022,NCM689382,216
193,10.07.2022,11.07.2022,EMC583136,306
194,10.07.2022,11.07.2022,UZW764717,107
195,10.07.2022,11.07.2022,EGM129288,320
196,10.07.2022,11.07.2022,RRD173718,215
197,10.07.2022,14.07.2022,EGP450196,419
198,10.07.2022,12.07.2022,JAA932190,501
199,10.07.2022,11.07.2022,SIS395155,108
200,10.07.2022,13.07.2022,BRK348644,507
201,10.07.2022,11.07.2022,LTK777012,510
202,10.07.2022,13.07.2022,RGD616350,204
203,10.07.2022,11.07.2022,ARE827054,505
204,10.07.2022,11.07.2022,LCH632813,506
205,10.07.2022,11.07.2022,IGZ553587,402
206,10.07.2022,13.07.2022,RMS452742,113
207,10.07.2022,11.07.2022,LTE578796,319
208,10.07.2022,11.07.2022,KCD664951,301
209,11.07.2022,12.07.2022,CAK316672,311
210,11.07.2022,12.07.2022,DCM709317,415
211,11.07.2022,12.07.2022,NAW526772,101
212,11.07.2022,12.07.2022,WTD477822,219
213,11.07.2022,12.07.2022,LKT701595,205
214,12.07.2022,13.07.2022,ROK348269,303
215,12.07.2022,13.07.2022,EMW201788,403
216,12.07.2022,13.07.2022,BRH573142,313
217,12.07.2022,13.07.2022,JEH377028,118
218,12.07.2022,13.07.2022,ETT310415,318
219,12.07.2022,14.07.2022,TOF917869,420
220,12.07.2022,13.07.2022,NKF274491,202
221,12.07.2022,13.07.2022,LRE534233,210
222,12.07.2022,13.07.2022,LGS507566,206
223,12.07.2022,13.07.2022,LKK704580,105
224,12.07.2022,14.07.2022,SAS253401,116
225,12.07.2022,13.07.2022,RZR206511,302
226,12.07.2022,13.07.2022,RIG854360,308
227,12.07.2022,13.07.2022,ALD140562,314
228,12.07.2022,13.07.2022,TWM724248,504
229,12.07.2022,13.07.2022,MER148837,414
230,12.07.2022,13.07.2022,RNR289601,109
231,12.07.2022,13.07.2022,ITK752384,508
232,13.07.2022,14.07.2022,LRS759564,315
233,13.07.2022,14.07.2022,HYR100068,406
234,13.07.2022,15.07.2022,TAE764889,312
235,14.07.2022,15.07.2022,RTR995050,213
236,15.07.2022,16.07.2022,GJG348490,410
237,15.07.2022,16.07.2022,LKP438176,411
238,15.07.2022,16.07.2022,CNE544676,113
239,15.07.2022,16.07.2022,MZP112190,412
240,15.07.2022,16.07.2022,DSD263750,317
241,15.07.2022,16.07.2022,GAP884529,417
242,15.07.2022,16.07.2022,IYH931501,310
243,15.07.2022,16.07.2022,EGF366721,509
244,15.07.2022,16.07.2022,ANH308609,502
245,15.07.2022,16.07.2022,TMW589808,209
246,15.07.2022,16.07.2022,YCF207355,117
247,15.07.2022,16.07.2022,ZKK376476,416
248,15.07.2022,16.07.2022,ROR270312,313
249,15.07.2022,17.07.2022,SSR774697,315
250,15.07.2022,16.07.2022,UCW965716,319
251,15.07.2022,18.07.2022,SGH173561,109
252,16.07.2022,18.07.2022,ICH648336,117
253,15.07.2022,16.07.2022,ECA721922,304
254,15.07.2022,16.07.2022,OFW124955,405
255,15.07.2022,16.07.2022,GRA854457,208
256,15.07.2022,16.07.2022,CBS533238,202
257,15.07.2022,16.07.2022,CRG324398,120
258,15.07.2022,16.07.2022,EAA964810,303
259,15.07.2022,17.07.2022,WNG205100,215
260,12.07.2022,16.07.2022,KTK945204,216
261,15.07.2022,16.07.2022,CCW781151,204
262,15.07.2022,16.07.2022,NRX509087,114
263,15.07.2022,18.07.2022,OIT932704,115
264,15.07.2022,16.07.2022,RCM902132,110
265,15.07.2022,16.07.2022,SOM831460,409
266,15.07.2022,16.07.2022,EYD791158,111
267,15.07.2022,17.07.2022,TOF917869,218
268,15.07.2022,16.07.2022,RNG257822,316
269,15.07.2022,16.07.2022,LNR174746,217
270,16.07.2022,17.07.2022,EDJ564662,119
271,16.07.2022,17.07.2022,EDA946558,408
272,16.07.2022,17.07.2022,NMZ567271,415
273,16.07.2022,17.07.2022,LCD769665,506
274,16.07.2022,17.07.2022,DZS379713,505
275,16.07.2022,17.07.2022,KYR815614,211
276,16.07.2022,17.07.2022,NGC432837,307
277,16.07.2022,19.07.2022,AWD873194,502
278,16.07.2022,17.07.2022,LME446776,507
279,16.07.2022,17.07.2022,KLS689304,311
280,16.07.2022,17.07.2022,WOR834088,413
281,16.07.2022,17.07.2022,RCK722634,116
282,16.07.2022,17.07.2022,BCS506328,312
283,16.07.2022,17.07.2022,SND420460,105
284,16.07.2022,17.07.2022,ENX555437,103
285,16.07.2022,17.07.2022,ADC445140,314
286,16.07.2022,17.07.2022,DUZ765135,418
287,16.07.2022,17.07.2022,RYB976917,417
288,16.07.2022,17.07.2022,HRH759928,310
289,16.07.2022,17.07.2022,ANS205833,406
290,16.07.2022,17.07.2022,WTC860360,216
291,16.07.2022,17.07.2022,PMS940809,510
292,16.07.2022,17.07.2022,ATS639829,320
293,16.07.2022,17.07.2022,HAU986238,101
294,18.07.2022,19.07.2022,EDJ564662,403
295,16.07.2022,17.07.2022,RNM806180,318
296,16.07.2022,17.07.2022,DTK756704,206
297,16.07.2022,17.07.2022,ZJR270357,407
298,16.07.2022,17.07.2022,JLX908856,412
299,16.07.2022,17.07.2022,NGS627376,402
300,16.07.2022,17.07.2022,ACC616316,210
301,16.07.2022,17.07.2022,ORG855713,214
302,16.07.2022,17.07.2022,KIA596943,302
303,16.07.2022,17.07.2022,EGJ400397,509
304,16.07.2022,17.07.2022,BRU920481,401
305,16.07.2022,17.07.2022,LZF182009,209
306,16.07.2022,17.07.2022,UJC323388,416
307,16.07.2022,17.07.2022,OBH109787,107
308,16.07.2022,17.07.2022,CAW778777,219
309,16.07.2022,17.07.2022,PRR248178,414
310,17.07.2022,18.07.2022,DCM709317,220
311,17.07.2022,18.07.2022,RCP757375,503
312,17.07.2022,18.07.2022,DKU640593,214
313,17.07.2022,18.07.2022,ERH507747,415
314,17.07.2022,18.07.2022,DNH167930,508
315,17.07.2022,18.07.2022,ZOP335405,219
316,17.07.2022,18.07.2022,ACW464933,205
317,17.07.2022,18.07.2022,SRF122196,419
318,17.07.2022,18.07.2022,KBA610895,201
319,17.07.2022,18.07.2022,KWC365202,113
320,17.07.2022,18.07.2022,NRU104496,501
321,17.07.2022,18.07.2022,LTA696511,301
322,17.07.2022,18.07.2022,NEM359942,418
323,17.07.2022,18.07.2022,ORM345434,504
324,17.07.2022,18.07.2022,KLS689304,411
325,17.07.2022,18.07.2022,RMR532011,306
326,17.07.2022,18.07.2022,RNW227917,112
327,17.07.2022,18.07.2022,SRP817311,308
328,17.07.2022,18.07.2022,ARC412835,203
329,17.07.2022,18.07.2022,RCU712132,314
330,17.07.2022,18.07.2022,OAK669674,305
331,17.07.2022,18.07.2022,UMH349005,420
332,17.07.2022,18.07.2022,NBK531237,119
333,17.07.2022,18.07.2022,OBH310812,105
334,17.07.2022,18.07.2022,OZC559622,404
335,17.07.2022,18.07.2022,RTT621570,102
336,17.07.2022,18.07.2022,KLF735943,309
337,17.07.2022,18.07.2022,BLP133931,317
338,17.07.2022,18.07.2022,ALG954893,302
339,17.07.2022,18.07.2022,OTH903193,209
340,17.07.2022,18.07.2022,COA220333,401
341,17.07.2022,18.07.2022,NAD322028,207
342,17.07.2022,18.07.2022,AZM745127,114
343,17.07.2022,18.07.2022,MCM127068,210
344,17.07.2022,18.07.2022,KRD736739,414
345,17.07.2022,18.07.2022,JRA585894,417
346,17.07.2022,18.07.2022,ZCR184614,402
347,17.07.2022,19.07.2022,SSG692556,307
348,17.07.2022,19.07.2022,DUZ765135,509
349,17.07.2022,18.07.2022,UCW965716,409
350,17.07.2022,18.07.2022,OTK325652,505
351,19.07.2022,20.07.2022,KLS689304,319
352,19.07.2022,20.07.2022,AZM745127,407
353,17.07.2022,19.07.2022,STF452258,101
354,17.07.2022,21.07.2022,ICA691178,104
355,18.07.2022,19.07.2022,KBA610895,106
356,17.07.2022,19.07.2022,SDS398388,118
357,17.07.2022,18.07.2022,ROR270312,506
358,17.07.2022,18.07.2022,DDH426048,410
359,17.07.2022,18.07.2022,ALD140562,116
360,17.07.2022,18.07.2022,GJG348490,213
361,17.07.2022,19.07.2022,ODM448499,108
362,17.07.2022,18.07.2022,LRS863481,412
363,17.07.2022,19.07.2022,BTS689878,315
364,18.07.2022,19.07.2022,PWF970350,413
365,18.07.2022,19.07.2022,GMU219892,508
366,18.07.2022,19.07.2022,ATS639829,102
367,18.07.2022,19.07.2022,RRP910432,119
368,18.07.2022,19.07.2022,EKS173833,217
369,18.07.2022,19.07.2022,ROK348269,107
370,18.07.2022,19.07.2022,YNM703390,317
371,18.07.2022,19.07.2022,LCH632813,303
372,18.07.2022,19.07.2022,COR595349,312
373,18.07.2022,19.07.2022,IRP123227,414
374,18.07.2022,19.07.2022,SKG244679,208
375,18.07.2022,19.07.2022,ZAM643581,114
376,18.07.2022,19.07.2022,EFC411984,111
377,18.07.2022,19.07.2022,CWX292673,308
378,18.07.2022,19.07.2022,ERM639718,504
379,18.07.2022,19.07.2022,GRA854457,212
380,18.07.2022,19.07.2022,AWC857314,313
381,18.07.2022,19.07.2022,BJZ440337,510
382,18.07.2022,19.07.2022,OZC559622,110
383,18.07.2022,20.07.2022,RRD173718,418
384,18.07.2022,19.07.2022,SRF122196,503
385,18.07.2022,19.07.2022,OGX774178,201
386,18.07.2022,19.07.2022,ACC616316,220
387,18.07.2022,19.07.2022,ISS721407,304
388,18.07.2022,19.07.2022,ZRA543776,215
389,18.07.2022,19.07.2022,WNR299306,507
390,18.07.2022,19.07.2022,LKA793908,211
391,19.07.2022,21.07.2022,LTE578796,405
392,20.07.2022,21.07.2022,EDJ564662,219
393,21.07.2022,22.07.2022,LTC625003,216
394,21.07.2022,22.07.2022,RKU612187,112
395,22.07.2022,25.07.2022,ZRU357724,502
396,22.07.2022,24.07.2022,ENM223774,305
397,22.07.2022,24.07.2022,ECW163676,311
398,22.07.2022,23.07.2022,EGF366721,120
399,22.07.2022,23.07.2022,KYR815614,318
400,22.07.2022,23.07.2022,AEP439734,420
401,22.07.2022,23.07.2022,SOE850213,206
402,22.07.2022,23.07.2022,WYW987928,219
403,22.07.2022,23.07.2022,LNB791788,509
404,22.07.2022,23.07.2022,URM202641,403
405,22.07.2022,23.07.2022,UNC608098,415
406,22.07.2022,23.07.2022,KYD269424,404
407,22.07.2022,24.07.2022,EAA964810,105
408,22.07.2022,23.07.2022,DRT694737,314
409,22.07.2022,23.07.2022,UMH349005,419
410,22.07.2022,23.07.2022,YKE138172,306
411,22.07.2022,23.07.2022,HRH759928,310
412,22.07.2022,23.07.2022,ART903424,316
413,22.07.2022,24.07.2022,RDM401801,202
414,22.07.2022,23.07.2022,KME225869,115
415,22.07.2022,23.07.2022,WTD477822,103
416,22.07.2022,23.07.2022,ZRW627657,203
417,22.07.2022,24.07.2022,GOR329905,320
418,22.07.2022,23.07.2022,DRT331538,204
419,22.07.2022,23.07.2022,MRE842090,109
420,22.07.2022,23.07.2022,EAA371399,101
421,22.07.2022,23.07.2022,MCM424134,214
422,23.07.2022,24.07.2022,LCM712208,118
423,23.07.2022,24.07.2022,IRG849385,419
424,23.07.2022,24.07.2022,ZWU963805,308
425,23.07.2022,24.07.2022,ERH507747,318
426,23.07.2022,24.07.2022,JLX908856,213
427,23.07.2022,24.07.2022,SSR774697,203
428,23.07.2022,24.07.2022,RRT256665,410
429,23.07.2022,24.07.2022,GBC806236,402
430,23.07.2022,24.07.2022,HRW933388,210
431,23.07.2022,24.07.2022,SNW370770,115
432,23.07.2022,24.07.2022,NAS925185,201
433,23.07.2022,24.07.2022,HYR100068,317
434,23.07.2022,25.07.2022,SRS709149,506
435,23.07.2022,24.07.2022,LNR174746,102
436,23.07.2022,26.07.2022,CAB693780,220
437,23.07.2022,24.07.2022,AOA474975,204
438,23.07.2022,24.07.2022,DZS379713,211
439,23.07.2022,24.07.2022,ABT576619,315
440,23.07.2022,24.07.2022,ZOG170650,108
441,23.07.2022,24.07.2022,TNA411964,304
442,23.07.2022,26.07.2022,TLM785173,503
443,23.07.2022,25.07.2022,WNG205100,509
444,23.07.2022,24.07.2022,BRU920481,306
445,23.07.2022,24.07.2022,TEW846297,307
446,23.07.2022,24.07.2022,IWC228317,409
447,23.07.2022,24.07.2022,ODF470998,415
448,23.07.2022,24.07.2022,LRE534233,411
449,23.07.2022,24.07.2022,IYH931501,412
450,23.07.2022,24.07.2022,DRX138985,114
451,23.07.2022,24.07.2022,ZAM370165,418
452,23.07.2022,25.07.2022,URC730767,316
453,23.07.2022,24.07.2022,WNC820948,112
454,23.07.2022,25.07.2022,EGP450196,309
455,23.07.2022,24.07.2022,ALG954893,404
456,23.07.2022,24.07.2022,GRG440995,416
457,23.07.2022,24.07.2022,ANJ474445,508
458,23.07.2022,27.07.2022,DTK214225,119
459,24.07.2022,25.07.2022,EMP367143,319
460,24.07.2022,25.07.2022,SRW757730,310
461,24.07.2022,25.07.2022,JGU251735,414
462,24.07.2022,25.07.2022,LRT604355,207
463,24.07.2022,25.07.2022,LTK777012,104
464,24.07.2022,25.07.2022,ALX130175,111
465,24.07.2022,25.07.2022,ATE457269,206
466,24.07.2022,25.07.2022,EKA102529,320
467,24.07.2022,25.07.2022,SCF624636,417
468,24.07.2022,25.07.2022,EMT811823,205
469,24.07.2022,25.07.2022,ENX555437,401
470,24.07.2022,25.07.2022,UOK694317,215
471,24.07.2022,25.07.2022,JGU918296,117
472,24.07.2022,25.07.2022,ZOP335405,120
473,24.07.2022,25.07.2022,DTK756704,218
474,24.07.2022,25.07.2022,SRP817311,505
475,24.07.2022,25.07.2022,MOE708692,408
476,24.07.2022,25.07.2022,NEM359942,305
477,24.07.2022,25.07.2022,GGC146114,106
478,24.07.2022,25.07.2022,RKM135138,103
479,24.07.2022,25.07.2022,IZW401997,208
480,24.07.2022,25.07.2022,CAC290569,109
481,24.07.2022,25.07.2022,DRF119555,301
482,24.07.2022,25.07.2022,PAM479742,501
483,24.07.2022,25.07.2022,RTT621570,302
484,24.07.2022,25.07.2022,BRX296675,406
485,24.07.2022,25.07.2022,SRS972884,312
486,24.07.2022,25.07.2022,CAK316672,504
487,24.07.2022,27.07.2022,AZA699826,107
488,24.07.2022,25.07.2022,MNZ883486,313
489,24.07.2022,25.07.2022,ROK864193,116
490,24.07.2022,25.07.2022,RCM902132,420
491,24.07.2022,27.07.2022,GTB460294,407
492,24.07.2022,25.07.2022,LKT701595,311
493,24.07.2022,25.07.2022,TWJ280267,216
494,24.07.2022,26.07.2022,EKM402045,413
495,24.07.2022,25.07.2022,ANA920725,303
496,24.07.2022,25.07.2022,CCE673359,202
497,24.07.2022,26.07.2022,PBW324199,110
498,24.07.2022,25.07.2022,AKR293566,212
499,24.07.2022,26.07.2022,IOH857386,217
500,24.07.2022,25.07.2022,OAF401894,507
501,24.07.2022,26.07.2022,TAW810112,314
502,25.07.2022,26.07.2022,MYU948400,408
503,25.07.2022,26.07.2022,CAT747380,502
504,25.07.2022,26.07.2022,RRE496315,510
505,25.07.2022,26.07.2022,MOG325502,403
506,25.07.2022,26.07.2022,BRH573142,219
507,25.07.2022,26.07.2022,IGC681225,105
508,25.07.2022,26.07.2022,ONA523392,209
509,25.07.2022,26.07.2022,SLF932637,113
510,25.07.2022,26.07.2022,JAU314979,419
511,25.07.2022,26.07.2022,TTT120645,202
512,25.07.2022,26.07.2022,ETZ924648,111
513,25.07.2022,26.07.2022,TOF917869,102
514,25.07.2022,26.07.2022,CZA955699,206
515,25.07.2022,26.07.2022,TZC143447,318
516,25.07.2022,26.07.2022,PRR248178,103
517,25.07.2022,26.07.2022,RMR532011,506
518,25.07.2022,26.07.2022,EYD964380,417
519,25.07.2022,26.07.2022,EDM733986,112
520,25.07.2022,26.07.2022,MRJ555488,106
521,25.07.2022,26.07.2022,PAK720178,310
522,25.07.2022,26.07.2022,RAC222073,410
523,25.07.2022,26.07.2022,ARS765497,207
524,25.07.2022,26.07.2022,COP438280,305
525,25.07.2022,26.07.2022,LAU904509,306
526,25.07.2022,26.07.2022,ZOX192351,114
527,25.07.2022,27.07.2022,NGC432837,118
528,25.07.2022,26.07.2022,JAA932190,405
529,25.07.2022,26.07.2022,RTR995050,411
530,26.07.2022,27.07.2022,LIM471477,116
531,27.07.2022,28.07.2022,UMU870948,508
532,28.07.2022,29.07.2022,CIE745697,320
533,28.07.2022,29.07.2022,MCM127068,314
534,28.07.2022,29.07.2022,EMC583136,204
535,28.07.2022,29.07.2022,ENM638210,108
536,28.07.2022,30.07.2022,AIN410341,509
537,28.07.2022,29.07.2022,RDU676711,120
538,28.07.2022,31.07.2022,NJA585128,210
539,28.07.2022,30.07.2022,CCE703436,105
540,29.07.2022,30.07.2022,ICX612585,119
541,29.07.2022,30.07.2022,OMH575366,316
542,29.07.2022,30.07.2022,RCK722634,212
543,29.07.2022,30.07.2022,CCE657591,412
544,29.07.2022,30.07.2022,ECA721922,102
545,29.07.2022,30.07.2022,SOW507048,115
546,29.07.2022,30.07.2022,JRE691923,307
547,29.07.2022,30.07.2022,OLC963796,109
548,29.07.2022,30.07.2022,JOE247555,504
549,29.07.2022,30.07.2022,RLU769145,211
550,29.07.2022,30.07.2022,NNB253694,203
551,29.07.2022,30.07.2022,LTA246778,414
552,29.07.2022,30.07.2022,AAW596622,312
553,29.07.2022,30.07.2022,MAM505460,308
554,29.07.2022,30.07.2022,CRU699878,304
555,29.07.2022,30.07.2022,SGH173561,402
556,29.07.2022,30.07.2022,LCP633089,319
557,29.07.2022,30.07.2022,LRS264199,215
558,29.07.2022,30.07.2022,UJC323388,208
559,29.07.2022,30.07.2022,CYA364758,117
560,29.07.2022,30.07.2022,ORM345434,104
561,29.07.2022,30.07.2022,LGS507566,406
562,29.07.2022,30.07.2022,STU761241,418
563,29.07.2022,30.07.2022,ZDM773287,408
564,29.07.2022,30.07.2022,ZCR643933,415
565,29.07.2022,31.07.2022,HZG574029,413
566,29.07.2022,30.07.2022,DNH895181,315
567,29.07.2022,30.07.2022,DMD770179,309
568,29.07.2022,30.07.2022,NAD793510,219
569,29.07.2022,30.07.2022,ORM762654,416
570,29.07.2022,30.07.2022,EMW201788,214
571,29.07.2022,31.07.2022,SRE116513,404
572,29.07.2022,1.08.2022,RBM949404,306
573,29.07.2022,30.07.2022,CNM635332,113
574,29.07.2022,30.07.2022,NKT810712,216
575,30.07.2022,31.07.2022,RSX280052,505
576,30.07.2022,31.07.2022,RJT752154,205
577,30.07.2022,31.07.2022,ACM571209,101
578,30.07.2022,31.07.2022,BKW837550,403
579,30.07.2022,31.07.2022,CNW831746,317
580,30.07.2022,1.08.2022,STM421808,420
581,30.07.2022,31.07.2022,JGM504910,507
582,30.07.2022,31.07.2022,RNG257822,106
583,30.07.2022,31.07.2022,ICE575666,209
584,30.07.2022,31.07.2022,SZH652130,510
585,30.07.2022,31.07.2022,LRH249243,409
586,30.07.2022,2.08.2022,PNW585680,501
587,30.07.2022,31.07.2022,ENJ374865,217
588,30.07.2022,1.08.2022,BLP133931,313
589,30.07.2022,1.08.2022,CNB608234,407
590,30.07.2022,31.07.2022,RKW124197,218
591,31.07.2022,3.08.2022,NRU104496,503
592,31.07.2022,1.08.2022,LRA211005,311
593,31.07.2022,1.08.2022,DKU640593,220
594,31.07.2022,1.08.2022,EYD791158,110
595,31.07.2022,1.08.2022,ACB892867,401
596,31.07.2022,1.08.2022,LRM698244,213
597,31.07.2022,1.08.2022,MDU264944,301
598,31.07.2022,1.08.2022,EDJ564662,201
599,31.07.2022,1.08.2022,AMD206704,302
600,31.07.2022,1.08.2022,NRR382478,303
601,31.07.2022,1.08.2022,KAT874826,415
602,31.07.2022,1.08.2022,COA220333,403
603,31.07.2022,1.08.2022,NRX509087,219
604,31.07.2022,1.08.2022,LMD975247,206
605,31.07.2022,1.08.2022,OAK669674,101
606,31.07.2022,2.08.2022,AKE703562,315
607,31.07.2022,1.08.2022,BRB662832,308
608,31.07.2022,1.08.2022,NBK531237,413
609,31.07.2022,1.08.2022,ANH308609,107
610,31.07.2022,2.08.2022,ADT228900,202
611,31.07.2022,1.08.2022,IGZ553587,204
612,31.07.2022,1.08.2022,LRE374319,106
613,31.07.2022,1.08.2022,CMH328081,408
614,31.07.2022,1.08.2022,ENM468972,108
615,31.07.2022,1.08.2022,DNH167930,507
616,31.07.2022,1.08.2022,SZD760152,209
617,31.07.2022,1.08.2022,RRJ398527,410
618,31.07.2022,2.08.2022,RCD122609,506
619,31.07.2022,1.08.2022,ALD140562,116
620,31.07.2022,1.08.2022,AGW642693,113
621,31.07.2022,2.08.2022,KWK958050,502
622,31.07.2022,1.08.2022,SNC354207,203
623,1.08.2022,2.08.2022,ADC445140,102
624,1.08.2022,2.08.2022,NCM689382,208
625,1.08.2022,3.08.2022,SIS395155,504
626,1.08.2022,2.08.2022,GNM678315,405
627,1.08.2022,2.08.2022,RND543878,104
628,1.08.2022,2.08.2022,EAU333938,103
629,1.08.2022,2.08.2022,IRJ743905,420
630,1.08.2022,2.08.2022,RYB976917,417
631,1.08.2022,2.08.2022,LMK150795,210
632,1.08.2022,3.08.2022,TRD149814,216
633,1.08.2022,2.08.2022,RMK774243,306
634,1.08.2022,2.08.2022,WOR834088,115
635,1.08.2022,2.08.2022,SRJ380030,401
636,1.08.2022,3.08.2022,CNM542367,407
637,1.08.2022,2.08.2022,UZW764717,117
638,2.08.2022,3.08.2022,EAB565465,317
639,2.08.2022,3.08.2022,ARA862039,207
640,2.08.2022,3.08.2022,CNE544676,416
641,2.08.2022,5.08.2022,ODB538567,414
642,2.08.2022,3.08.2022,OZR230478,508
643,3.08.2022,4.08.2022,EGM129288,213
644,4.08.2022,5.08.2022,LKK542319,201
645,4.08.2022,7.08.2022,OFW124955,211
646,5.08.2022,6.08.2022,LGE794849,114
647,5.08.2022,6.08.2022,ZCD602175,404
648,5.08.2022,6.08.2022,KLF735943,205
649,5.08.2022,7.08.2022,LME446776,312
650,5.08.2022,6.08.2022,KLS689304,118
651,5.08.2022,6.08.2022,STP195612,320
652,5.08.2022,6.08.2022,LKP438176,105
653,5.08.2022,6.08.2022,RLM713217,509
654,5.08.2022,6.08.2022,LRS759564,212
655,5.08.2022,9.08.2022,OTK325652,218
656,5.08.2022,6.08.2022,RNW227917,215
657,5.08.2022,8.08.2022,WFH560860,418
658,5.08.2022,6.08.2022,RIG854360,220
659,5.08.2022,6.08.2022,ENC548039,402
660,5.08.2022,6.08.2022,ORS205775,214
661,5.08.2022,6.08.2022,LNK924826,110
662,5.08.2022,7.08.2022,BKA599585,301
663,6.08.2022,7.08.2022,KLH143380,109
664,6.08.2022,7.08.2022,NAD322028,510
665,6.08.2022,7.08.2022,TMW589808,501
666,6.08.2022,7.08.2022,SKG991730,314
667,6.08.2022,7.08.2022,AZM441602,311
668,6.08.2022,7.08.2022,DNB709477,307
669,6.08.2022,7.08.2022,RZK588366,217
670,6.08.2022,7.08.2022,ZKK174835,318
671,6.08.2022,7.08.2022,JRA585894,412
672,6.08.2022,7.08.2022,WTB539123,111
673,6.08.2022,7.08.2022,CNB289398,305
674,6.08.2022,8.08.2022,OZM653400,406
675,6.08.2022,8.08.2022,ZWB583579,102
676,6.08.2022,8.08.2022,ZCX143126,505
677,6.08.2022,8.08.2022,BRK348644,112
678,6.08.2022,8.08.2022,WNK453188,120
679,6.08.2022,7.08.2022,SBW714055,419
680,6.08.2022,9.08.2022,BLR832522,302
681,6.08.2022,7.08.2022,JJA406607,310
682,7.08.2022,8.08.2022,RCP757375,310
683,7.08.2022,8.08.2022,PIB823840,313
684,7.08.2022,8.08.2022,DOD512683,214
685,7.08.2022,8.08.2022,GNH651812,320
686,7.08.2022,8.08.2022,LEW271236,309
687,7.08.2022,8.08.2022,IZS508691,306
688,7.08.2022,8.08.2022,JRU148841,114
689,7.08.2022,8.08.2022,KWC365202,211
690,7.08.2022,9.08.2022,RCU712132,317
691,7.08.2022,8.08.2022,SEM640686,209
692,7.08.2022,10.08.2022,ENW161435,305
693,7.08.2022,9.08.2022,TGC743947,113
694,7.08.2022,8.08.2022,DND601846,104
695,8.08.2022,9.08.2022,AZP120173,109
696,8.08.2022,9.08.2022,MOW573734,212
697,8.08.2022,9.08.2022,LRB778048,110
698,8.08.2022,9.08.2022,WOA600490,308
699,8.08.2022,9.08.2022,OCR933492,216
700,8.08.2022,9.08.2022,ZOE487456,408
701,8.08.2022,9.08.2022,JRS460017,219
702,8.08.2022,9.08.2022,EFM850438,115
703,8.08.2022,10.08.2022,CRX541049,301
704,8.08.2022,9.08.2022,EKD802545,415
705,8.08.2022,10.08.2022,JAF111211,402
706,8.08.2022,9.08.2022,RZJ613946,111
707,8.08.2022,11.08.2022,NZH105913,307
708,8.08.2022,12.08.2022,EKS474398,207
709,8.08.2022,9.08.2022,GZH468077,203
710,8.08.2022,9.08.2022,WGC657062,105
711,8.08.2022,9.08.2022,LZF182009,310
712,8.08.2022,9.08.2022,NCC661466,202
713,8.08.2022,13.08.2022,IAM350343,416
714,9.08.2022,10.08.2022,OBR535752,312
715,9.08.2022,10.08.2022,PMS940809,108
716,9.08.2022,10.08.2022,MRF369007,117
717,9.08.2022,10.08.2022,GAP884529,404
718,9.08.2022,10.08.2022,RAS236871,206
719,9.08.2022,10.08.2022,LAM442934,118
720,9.08.2022,10.08.2022,KCD664951,304
721,9.08.2022,13.08.2022,ECH159752,413
722,9.08.2022,10.08.2022,NGS627376,311
723,9.08.2022,10.08.2022,RBG104837,405
724,9.08.2022,10.08.2022,WTJ182049,417
725,9.08.2022,10.08.2022,YCT199664,101
726,9.08.2022,10.08.2022,ITK752384,313
727,9.08.2022,10.08.2022,RNR289601,201
728,9.08.2022,12.08.2022,ERG247179,106
729,9.08.2022,10.08.2022,CAE208057,419
730,9.08.2022,11.08.2022,ARE827054,318
731,9.08.2022,10.08.2022,ACW464933,407
732,9.08.2022,10.08.2022,AWD873194,410
733,9.08.2022,10.08.2022,ETT310415,303
734,9.08.2022,11.08.2022,OYE669390,119
735,9.08.2022,10.08.2022,RNM806180,406
736,9.08.2022,10.08.2022,RGD616350,412
737,9.08.2022,10.08.2022,GRH913966,403
738,10.08.2022,11.08.2022,SCC775412,409
739,10.08.2022,11.08.2022,RNS754184,302
740,10.08.2022,11.08.2022,SMK448208,217
741,10.08.2022,11.08.2022,YDX698016,112
742,10.08.2022,11.08.2022,UMD255019,314
743,10.08.2022,11.08.2022,ERZ333137,205
744,10.08.2022,11.08.2022,BWM720022,505
745,10.08.2022,11.08.2022,MOH975962,414
746,10.08.2022,11.08.2022,DES604776,220
747,10.08.2022,12.08.2022,CWE936540,316
748,10.08.2022,11.08.2022,KRC827335,215
749,10.08.2022,11.08.2022,LTA696511,107
750,10.08.2022,12.08.2022,RNC522706,120
751,10.08.2022,11.08.2022,ETG996216,204
752,10.08.2022,11.08.2022,RWD694777,102
753,10.08.2022,11.08.2022,KRD736739,103
754,10.08.2022,12.08.2022,OAB835702,218
755,10.08.2022,11.08.2022,SOC930382,411
756,10.08.2022,11.08.2022,JOC683059,208
757,10.08.2022,11.08.2022,ZCP317779,418
758,11.08.2022,12.08.2022,CAW778777,401
759,11.08.2022,12.08.2022,SZD605522,213
760,11.08.2022,12.08.2022,RAT383412,116
761,11.08.2022,12.08.2022,SKW695890,420
762,11.08.2022,12.08.2022,LKK704580,210
763,11.08.2022,12.08.2022,ZKK376476,315
764,11.08.2022,12.08.2022,ZDJ606596,319
765,11.08.2022,12.08.2022,CAA216727,403
766,11.08.2022,12.08.2022,EAP109389,313
767,11.08.2022,13.08.2022,SKE876070,104
768,11.08.2022,12.08.2022,EAW243290,114
769,11.08.2022,12.08.2022,SND420460,103
770,11.08.2022,14.08.2022,YCF207355,418
771,11.08.2022,12.08.2022,AWG102489,118
772,12.08.2022,13.08.2022,MER148837,208
773,12.08.2022,13.08.2022,MSS721093,216
774,12.08.2022,13.08.2022,OBH109787,414
775,12.08.2022,13.08.2022,DWG351339,405
776,12.08.2022,13.08.2022,JTJ540833,309
777,12.08.2022,13.08.2022,LCK883310,401
778,12.08.2022,13.08.2022,CCW466888,419
779,12.08.2022,13.08.2022,RZS222173,209
780,12.08.2022,13.08.2022,EEE940235,201
781,12.08.2022,13.08.2022,JZK824959,404
782,12.08.2022,16.08.2022,SMC138367,314
783,12.08.2022,13.08.2022,CCW216013,108
784,12.08.2022,13.08.2022,CCW781151,308
785,12.08.2022,13.08.2022,EDA946558,107
786,12.08.2022,13.08.2022,WNC451331,202
787,12.08.2022,13.08.2022,UYW535472,415
788,12.08.2022,14.08.2022,OJW146495,402
789,12.08.2022,15.08.2022,OIT932704,406
790,12.08.2022,14.08.2022,ZNS756264,310
791,12.08.2022,13.08.2022,DZB598447,105
792,12.08.2022,13.08.2022,OBH310812,311
793,13.08.2022,14.08.2022,LGF626328,306
794,13.08.2022,14.08.2022,SOM831460,416
795,13.08.2022,14.08.2022,ZCR184614,207
796,13.08.2022,14.08.2022,DAS757969,116
797,13.08.2022,14.08.2022,INR513643,410
798,13.08.2022,14.08.2022,YNS984314,117
799,13.08.2022,14.08.2022,ZZG126863,203
800,13.08.2022,14.08.2022,LLK235742,305
801,13.08.2022,14.08.2022,ATP151613,417
802,13.08.2022,14.08.2022,NKF274491,307
803,13.08.2022,14.08.2022,UCW965716,204
804,13.08.2022,14.08.2022,RUD677291,412
805,13.08.2022,14.08.2022,LRC327622,120
806,13.08.2022,14.08.2022,KCE142262,304
807,13.08.2022,14.08.2022,WTX332002,110
808,13.08.2022,14.08.2022,HKC495112,211
809,13.08.2022,14.08.2022,BCS506328,215
810,13.08.2022,14.08.2022,RED349682,112
811,13.08.2022,14.08.2022,WCM418622,102
812,13.08.2022,14.08.2022,SNF152518,312
813,13.08.2022,14.08.2022,DCH881398,214
814,13.08.2022,14.08.2022,KKA225760,206
815,14.08.2022,15.08.2022,ORM915203,119
816,14.08.2022,15.08.2022,RNA995125,109
817,14.08.2022,15.08.2022,CUS220377,409
818,14.08.2022,15.08.2022,LNE835078,212
819,14.08.2022,15.08.2022,TAE764889,106
820,14.08.2022,15.08.2022,YKW809494,101
821,14.08.2022,15.08.2022,EGA840950,420
822,14.08.2022,16.08.2022,ANS205833,210
823,14.08.2022,15.08.2022,EKJ132667,410
824,14.08.2022,16.08.2022,JTE467625,411
825,14.08.2022,15.08.2022,RFX666397,315
826,14.08.2022,16.08.2022,RLK852394,113
827,14.08.2022,19.08.2022,WKM558307,407
828,15.08.2022,16.08.2022,TRW192264,413
829,15.08.2022,16.08.2022,UMA338977,115
830,15.08.2022,16.08.2022,RNK542437,408
831,14.08.2022,19.08.2022,KTK945204,213
832,15.08.2022,16.08.2022,CBS533238,205
833,15.08.2022,16.08.2022,CTT337581,505
834,15.08.2022,16.08.2022,WWS867410,118
835,16.08.2022,19.08.2022,PND719903,315
836,16.08.2022,19.08.2022,ZNJ707704,209
837,16.08.2022,17.08.2022,BRH740956,411
838,16.08.2022,17.08.2022,ONC804767,105
839,16.08.2022,17.08.2022,CTW956680,120
840,16.08.2022,17.08.2022,EGK457390,405
841,16.08.2022,22.08.2022,SCM827327,307
842,16.08.2022,17.08.2022,IAW575706,319
843,16.08.2022,18.08.2022,JMD626914,106
844,16.08.2022,17.08.2022,ACD504348,303
845,16.08.2022,19.08.2022,OGG598700,302
846,16.08.2022,17.08.2022,RRA325858,115
847,16.08.2022,17.08.2022,LKJ964155,102
848,17.08.2022,18.08.2022,LAA703384,314
849,17.08.2022,18.08.2022,OPD420628,312
850,17.08.2022,18.08.2022,EGJ400397,204
851,17.08.2022,18.08.2022,OTC251529,206
852,17.08.2022,19.08.2022,ANK629527,415
853,17.08.2022,18.08.2022,ICH648336,220
854,17.08.2022,18.08.2022,JNC170163,418
855,17.08.2022,20.08.2022,RLD637163,309
856,17.08.2022,18.08.2022,CKU965761,318
857,17.08.2022,18.08.2022,WTC860360,112
858,18.08.2022,19.08.2022,OTA219926,205
859,18.08.2022,19.08.2022,JCS272810,107
860,18.08.2022,19.08.2022,PAB977065,101
861,18.08.2022,19.08.2022,DZE415897,216
862,18.08.2022,19.08.2022,PNS219227,104
863,18.08.2022,19.08.2022,NRU283449,108
864,18.08.2022,19.08.2022,HCS812099,202
865,18.08.2022,21.08.2022,NWT455912,215
866,18.08.2022,19.08.2022,WUC331756,119
867,18.08.2022,20.08.2022,CRG324398,207
868,18.08.2022,19.08.2022,IRC248709,306
869,18.08.2022,19.08.2022,OWD210571,116
870,18.08.2022,19.08.2022,JRD545353,408
871,18.08.2022,21.08.2022,OTH903193,403
872,18.08.2022,19.08.2022,NTR753484,310
873,18.08.2022,19.08.2022,IZA401141,219
874,18.08.2022,19.08.2022,LWW790497,317
875,18.08.2022,19.08.2022,LCU678420,111
876,18.08.2022,20.08.2022,NAW526772,201
877,18.08.2022,19.08.2022,ARB545678,404
878,18.08.2022,19.08.2022,DRW790804,320
879,18.08.2022,19.08.2022,SAK715848,214
880,19.08.2022,20.08.2022,EME929646,301
881,19.08.2022,20.08.2022,AGU366016,211
882,19.08.2022,20.08.2022,SLW685781,407
883,19.08.2022,20.08.2022,ERB839857,412
884,19.08.2022,20.08.2022,HNM211767,413
885,19.08.2022,20.08.2022,EFM850438,218
886,19.08.2022,20.08.2022,NMZ567271,316
887,19.08.2022,20.08.2022,OJW146495,213
888,19.08.2022,20.08.2022,GJG348490,313
889,19.08.2022,20.08.2022,RLK852394,416
890,19.08.2022,20.08.2022,NME348579,103
891,19.08.2022,20.08.2022,CWE936540,410
892,19.08.2022,20.08.2022,KBA610895,308
893,19.08.2022,20.08.2022,CRU699878,212
894,19.08.2022,20.08.2022,GNH651812,203
895,19.08.2022,22.08.2022,ANH308609,210
896,19.08.2022,20.08.2022,EKM402045,419
897,19.08.2022,23.08.2022,NTR753484,113
898,19.08.2022,20.08.2022,EKS474398,217
899,19.08.2022,21.08.2022,YDX698016,417
900,19.08.2022,21.08.2022,WFH560860,304
901,19.08.2022,20.08.2022,TTT120645,109
902,19.08.2022,20.08.2022,ICX612585,420
903,20.08.2022,21.08.2022,OWA866865,402
904,20.08.2022,21.08.2022,ARS765497,117
905,20.08.2022,21.08.2022,DND601846,406
906,20.08.2022,21.08.2022,ACW464933,305
907,20.08.2022,21.08.2022,ZOE487456,208
908,23.08.2022,24.08.2022,SOE850213,311
909,22.08.2022,23.08.2022,IWC228317,401
910,21.08.2022,22.08.2022,HKC495112,409
911,21.08.2022,22.08.2022,MOW573734,110
912,21.08.2022,22.08.2022,TWJ280267,114
913,21.08.2022,22.08.2022,CCE657591,414
914,21.08.2022,23.08.2022,EMC583136,119
915,21.08.2022,23.08.2022,ZCX143126,318
916,21.08.2022,23.08.2022,JRS460017,107
917,21.08.2022,23.08.2022,AMD206704,312
918,21.08.2022,23.08.2022,STF452258,203
919,21.08.2022,22.08.2022,BLP133931,208
920,21.08.2022,22.08.2022,ODM448499,317
921,21.08.2022,22.08.2022,SMK448208,311
922,21.08.2022,22.08.2022,OBH310812,404
923,21.08.2022,22.08.2022,JAF111211,212
924,22.08.2022,23.08.2022,WTD477822,412
925,22.08.2022,23.08.2022,NNB253694,417
926,22.08.2022,23.08.2022,JTJ540833,411
927,22.08.2022,23.08.2022,JAU314979,111
928,22.08.2022,24.08.2022,OGX774178,403
929,22.08.2022,23.08.2022,ZRD201664,201
930,22.08.2022,23.08.2022,STM421808,310
931,22.08.2022,23.08.2022,ISS721407,110
932,22.08.2022,24.08.2022,IRC248709,307
933,22.08.2022,23.08.2022,OZC559622,213
934,23.08.2022,24.08.2022,EYD791158,418
935,23.08.2022,24.08.2022,NKF274491,102
936,23.08.2022,24.08.2022,JTE467625,320
937,23.08.2022,24.08.2022,RLD637163,216
938,23.08.2022,24.08.2022,NCM689382,217
939,23.08.2022,26.08.2022,KLS689304,408
940,23.08.2022,25.08.2022,EKJ132667,301
941,23.08.2022,26.08.2022,TRW192264,114
942,23.08.2022,24.08.2022,RZK588366,101
943,24.08.2022,25.08.2022,EFM850438,308
944,24.08.2022,25.08.2022,YKE138172,413
945,24.08.2022,25.08.2022,RIG854360,406
946,24.08.2022,25.08.2022,MAM505460,117
947,24.08.2022,27.08.2022,LWM760764,104
948,24.08.2022,25.08.2022,LRS264199,505
949,24.08.2022,25.08.2022,BRU920481,210
950,24.08.2022,25.08.2022,DAS757969,303
951,24.08.2022,29.08.2022,KCE142262,112
952,24.08.2022,25.08.2022,REC657172,415
953,25.08.2022,26.08.2022,NBK531237,409
954,25.08.2022,26.08.2022,AZM745127,410
955,25.08.2022,26.08.2022,LCU678420,204
956,25.08.2022,26.08.2022,GBC806236,315
957,25.08.2022,27.08.2022,CTS964590,309
958,25.08.2022,26.08.2022,ARW221417,113
959,25.08.2022,26.08.2022,BRX296675,407
960,25.08.2022,27.08.2022,WGC657062,416
961,25.08.2022,26.08.2022,EAA964810,420
962,26.08.2022,27.08.2022,BLR832522,304
963,26.08.2022,27.08.2022,ZWB583579,211
964,26.08.2022,27.08.2022,LRH249243,207
965,26.08.2022,27.08.2022,URC730767,118
966,26.08.2022,27.08.2022,IGC681225,402
967,26.08.2022,27.08.2022,ACB892867,218
968,26.08.2022,27.08.2022,RMR532011,414
969,26.08.2022,27.08.2022,OTK325652,405
970,26.08.2022,28.08.2022,MCM127068,209
971,26.08.2022,27.08.2022,CMH328081,306
972,26.08.2022,28.08.2022,SMC138367,215
973,26.08.2022,27.08.2022,BKA599585,219
974,26.08.2022,27.08.2022,EEW569821,116
975,26.08.2022,28.08.2022,OLC411350,220
976,26.08.2022,27.08.2022,LNE835078,319
977,26.08.2022,27.08.2022,EKA102529,313
978,26.08.2022,27.08.2022,UJC323388,205
979,26.08.2022,27.08.2022,INR513643,316
980,27.08.2022,28.08.2022,KKA225760,314
981,27.08.2022,28.08.2022,DAE905064,206
982,27.08.2022,30.08.2022,AWC857314,302
983,27.08.2022,28.08.2022,DRT694737,305
984,27.08.2022,28.08.2022,MER148837,214
985,27.08.2022,29.08.2022,LRE534233,202
986,27.08.2022,28.08.2022,WOA600490,105
987,27.08.2022,29.08.2022,JOE181006,106
988,27.08.2022,28.08.2022,DKT219262,103
989,27.08.2022,28.08.2022,ARE827054,108
990,28.08.2022,29.08.2022,PMS940809,120
991,28.08.2022,29.08.2022,LMK150795,401
992,28.08.2022,29.08.2022,ACC616316,109
993,28.08.2022,29.08.2022,COR595349,115
994,28.08.2022,30.08.2022,OBH109787,419
995,28.08.2022,31.08.2022,DOD512683,409
996,28.08.2022,29.08.2022,CAK316672,504
997,28.08.2022,29.08.2022,KRD736739,416
998,28.08.2022,29.08.2022,SNC354207,118
999,29.08.2022,30.08.2022,LGE794849,311
1000,29.08.2022,30.08.2022,OYE669390,202
1001,29.08.2022,30.08.2022,CRG324398,320
1002,29.08.2022,30.08.2022,KIA596943,106
1003,29.08.2022,30.08.2022,ARC412835,208
1004,29.08.2022,30.08.2022,DAA377706,503
1005,29.08.2022,30.08.2022,RKJ710368,203
1006,29.08.2022,30.08.2022,RRB633560,217
1007,29.08.2022,30.08.2022,AAW596622,111
1008,29.08.2022,31.08.2022,ENC548039,105
1009,29.08.2022,31.08.2022,CNM331379,115
1010,29.08.2022,30.08.2022,GMU219892,312
1011,30.08.2022,31.08.2022,OZM653400,413
1012,30.08.2022,31.08.2022,OFW124955,510
1013,30.08.2022,31.08.2022,WYW987928,505
1014,30.08.2022,31.08.2022,EDA946558,218
1015,30.08.2022,31.08.2022,RRW210814,206
1016,30.08.2022,1.09.2022,TRD149814,417
1017,30.08.2022,31.08.2022,CKU965761,418
1018,30.08.2022,31.08.2022,JOE247555,406
1019,31.08.2022,2.09.2022,JRA585894,317
1020,31.08.2022,1.09.2022,ECH159752,411
1021,31.08.2022,1.09.2022,AIN410341,304
1022,31.08.2022,1.09.2022,ZAM643581,108
1023,31.08.2022,3.09.2022,ANJ474445,210
1024,31.08.2022,2.09.2022,DRX138985,306
1025,31.08.2022,1.09.2022,ALD140562,402
1026,31.08.2022,1.09.2022,SOM831460,410
1027,31.08.2022,4.09.2022,PNS219227,501
1028,31.08.2022,1.09.2022,NZH105913,204
1029,31.08.2022,1.09.2022,ROK348269,209
1030,31.08.2022,1.09.2022,LRE374319,103
