-- phpMyAdmin SQL Dump
-- version 5.2.0
-- https://www.phpmyadmin.net/
--
-- Host: 127.0.0.1
-- Generation Time: Mar 26, 2023 at 02:32 PM
-- Server version: 10.4.27-MariaDB
-- PHP Version: 8.2.0

SET SQL_MODE = "NO_AUTO_VALUE_ON_ZERO";
START TRANSACTION;
SET time_zone = "+00:00";


/*!40101 SET @OLD_CHARACTER_SET_CLIENT=@@CHARACTER_SET_CLIENT */;
/*!40101 SET @OLD_CHARACTER_SET_RESULTS=@@CHARACTER_SET_RESULTS */;
/*!40101 SET @OLD_COLLATION_CONNECTION=@@COLLATION_CONNECTION */;
/*!40101 SET NAMES utf8mb4 */;

--
-- Database: `sklep_internetowy`
--

-- --------------------------------------------------------

--
-- Table structure for table `pakiety`
--

CREATE TABLE `pakiety` (
  `Id_pakietu` int(2) DEFAULT NULL,
  `nazwa_pakietu` varchar(39) DEFAULT NULL,
  `firma` varchar(31) DEFAULT NULL
) ENGINE=InnoDB DEFAULT CHARSET=utf8 COLLATE=utf8_general_ci;

--
-- Dumping data for table `pakiety`
--

INSERT INTO `pakiety` (`Id_pakietu`, `nazwa_pakietu`, `firma`) VALUES
(1, 'Adobe Creative Cloud', 'Adobe Systems'),
(2, 'Adobe Creative Suite', 'Adobe Systems'),
(3, 'Adobe CS6 Design', 'Adobe Systems'),
(4, 'Design Standard CS6', 'Adobe Systems'),
(5, 'Microsoft Office 2010 Home', 'Microsoft'),
(6, 'Microsoft Office 365 University', 'Microsoft'),
(8, 'Microsoft Office Business', 'Microsoft'),
(7, 'Microsoft Office Professional', 'Microsoft'),
(9, 'CorelDRAW Graphics Suite', 'Corel'),
(10, 'CorelDRAW Home', 'Corel'),
(11, 'Adobe Creative', 'Adobe Systems'),
(12, 'Apache OpenOffice', 'not-for-profit'),
(13, 'LibreOffice', 'not-for-profit'),
(14, 'Expression Studio', 'Microsoft'),
(15, 'OpenOffice STAR', 'not-for-profit'),
(16, 'CorelDRAW Standard', 'Corel'),
(17, 'CorelVideo Studio', 'Corel'),
(19, 'Calligra Suite', 'not-for-profit'),
(20, 'Logo-Gry', 'Young Digital Planet'),
(21, 'MicroStation', 'Bentley'),
(22, 'TechWriter', 'Adivo'),
(23, 'Foxit PDF Suite', 'Foxit'),
(24, 'gDOC', 'Global Graphics'),
(25, 'DocuPDF', 'Zeon Corporation'),
(26, 'Acronis Recovery', 'Acronis'),
(27, 'WinLock', 'Crystal Office System'),
(28, 'EaseUs', 'EaseUS'),
(29, 'RecoverMy', 'GetData'),
(30, 'GFI Security', 'GFI Software'),
(31, 'BadCopy', 'JustSoft'),
(32, 'Paragon Backup', 'Paragon Software'),
(33, 'PGP Support Package', 'Symantec'),
(34, 'Stellar Recovery', 'Stellar'),
(35, 'IBM Data Software', 'IBM'),
(36, 'Spectral Data', 'Spectral Core'),
(37, 'ArCADia', 'InterSoft'),
(38, 'OKAY', 'Clix Software'),
(39, 'Sales Partner', 'Sales Partner'),
(40, 'Subiekt', 'InsERT'),
(41, 'ConceptDraw Office', 'ComputerSystems Odessa'),
(42, 'Nevron Draw', 'Nevron'),
(43, 'ViewLet', 'Qarbon'),
(44, 'Dolphin Reader', 'Dolphin'),
(45, 'System Athena', 'Athena Soft'),
(46, 'Automapa', 'NavTeq'),
(47, 'AutoPilot', 'Cartall'),
(48, 'Emapa', 'Emapa'),
(49, 'Visual Mind', 'Mind Technogoly'),
(50, 'MindJet Manager', 'MindJet'),
(51, 'MagicDraw', 'Magic'),
(52, 'ActiveState Pro Studio', 'ActiveState'),
(53, 'Altova Studio', 'Altova'),
(54, 'ComponentOne Studio', 'ComponentOne'),
(55, 'dbForge', 'DevArt'),
(56, 'Infragistic Studio', 'Infragistic'),
(57, 'SerifPlus', 'Serif'),
(58, 'WebPlus XSeries', 'Serif'),
(59, 'n-software', 'n-software'),
(60, 'Actipro WPF Studio', 'Actipro Software'),
(61, 'ApexSQL Developer', 'ApexSQL'),
(62, 'ApexDBA Tools', 'ApexSQL'),
(63, 'Ashampoo Media', 'Ashampo'),
(64, 'DaemonTools Lite', 'DAEMON Tools Software Community'),
(65, 'FusionCharts Suite XT', 'InfoSoft Global'),
(66, 'iSpring E-learning Tools', 'iSpring Solutions'),
(67, 'IconCool Software', 'Newera Software Technology'),
(68, 'Paragon Disc Tools', 'Paragon Software'),
(69, 'SolarWinds Systems Management', 'SolarWinds'),
(70, 'SolarWinds Free System Management Tools', 'SolarWinds'),
(71, 'Sothink Suite', 'Sothink'),
(72, 'Camtasia Bundle', 'TechSmith'),
(73, 'Foxit PDF Development Kits', 'Foxit');

-- --------------------------------------------------------

--
-- Table structure for table `programy`
--

CREATE TABLE `programy` (
  `Id_programu` int(3) DEFAULT NULL,
  `program` varchar(41) DEFAULT NULL,
  `rodzaj` varchar(34) DEFAULT NULL,
  `cena` int(5) DEFAULT NULL
) ENGINE=InnoDB DEFAULT CHARSET=utf8 COLLATE=utf8_general_ci;

--
-- Dumping data for table `programy`
--

INSERT INTO `programy` (`Id_programu`, `program`, `rodzaj`, `cena`) VALUES
(1, 'Photoshop', 'grafika', 890),
(2, 'Lightroom', 'grafika', 320),
(3, 'Illustrator', 'grafika', 1230),
(4, 'InDesign', 'DTP', 1995),
(5, 'Premiere Pro', 'video', 1500),
(6, 'After Effects', 'animacja', 450),
(7, 'Dreamweaver', 'projektowanie stron Web', 1350),
(8, 'Flash', 'animacja', 950),
(9, 'Acrobat Pro', 'konwerter tekstu', 1240),
(10, 'Audition', 'multimedia', 340),
(11, 'Word', 'edytor dokumentow tekstowych', 120),
(12, 'Excel', 'arkusz kalkulacyjny', 150),
(13, 'Power Point', 'multimedia', 180),
(14, 'Access', 'baza danych', 320),
(15, 'Publisher', 'edytor dokumentow tekstowych', 170),
(16, 'OneNote', 'notatki i planowanie', 120),
(17, 'Corel DRAW', 'grafika', 2100),
(18, 'Corel PHOTO-PAINT', 'grafika', 600),
(19, 'Corel Website', 'projektowanie stron Web', 849),
(20, 'Writer', 'edytor dokumentow tekstowych', 0),
(21, 'Calc', 'arkusz kalkulacyjny', 0),
(22, 'Base', 'baza danych', 0),
(23, 'Draw', 'grafika', 0),
(24, 'Impress', 'multimedia', 0),
(25, 'Math', 'edytor dokumentow tekstowych', 0),
(26, 'Expression Web', 'projektowanie stron Web', 187),
(27, 'Expression Blend', 'animacja', 229),
(28, 'Expression Design', 'grafika', 134),
(29, 'Expression Encoder Pro', 'video', 0),
(30, 'Corel Pinnacle Studio', 'video', 230),
(31, 'Words', 'edytor dokumentow tekstowych', 0),
(32, 'Sheets', 'arkusz kalkulacyjny', 0),
(33, 'Stage', 'multimedia', 0),
(34, 'Author', 'edytor dokumentow tekstowych', 0),
(35, 'Krita', 'grafika', 0),
(36, 'Karbon', 'grafika', 0),
(37, 'Flow', 'grafika', 0),
(38, 'Kexi', 'baza danych', 0),
(39, 'Plan', 'zarzadzanie projektem', 0),
(40, 'Braindump', 'notatki i planowanie', 0),
(41, 'Logo-Malarz', 'gra terapeutyczna', 0),
(42, 'Logo-Krecik', 'gra terapeutyczna', 0),
(43, 'Logo-Poziom', 'gra terapeutyczna', 150),
(44, 'Logo-Papuga', 'gra terapeutyczna', 150),
(45, 'Logo-Locik', 'gra terapeutyczna', 150),
(46, 'Logo-Cel', 'gra terapeutyczna', 150),
(47, 'Logo-Szum', 'gra terapeutyczna', 150),
(48, 'Logo-Lapka', 'gra terapeutyczna', 150),
(49, 'Logo-Tenis', 'gra terapeutyczna', 150),
(50, 'Logo-Muzyk', 'gra terapeutyczna', 150),
(51, 'MicroStation', 'CAD', 20100),
(52, 'Power Draft', 'CAD', 8230),
(53, 'Map PowerView', 'CAD', 6756),
(54, 'Generative Components', 'CAD', 650),
(55, 'Bentley View', 'grafika', 0),
(56, 'TechWriter 2012 for Databases', 'baza danych', 701),
(57, 'TechWriter 2012 for Web Services', 'projektowanie stron Web', 520),
(58, 'TechWriter 2012 for XML Schemas', 'edytor dokumentow tekstowych', 230),
(59, 'Foxit PhantomPDF Standard', 'edytor dokumentow tekstowych', 453),
(60, 'Foxit Reader RMS Plug-in', 'czytnik dokumentow tekstowych', 38),
(61, 'Foxit Redactor for Office', 'edytor dokumentow tekstowych', 1621),
(62, 'Fosit PDF Compressor', 'edytor i konwerter tekstu', 3920),
(63, 'Scribus', 'DTP', 0),
(64, 'gDoc Fusion', 'edytor dokumentow tekstowych', 220),
(65, 'gDoc PDF Server', 'zarzadzanie dokumentami tekstowymi', 130),
(66, 'DocuCom PDF Gold', 'edytor dokumentow tekstowych', 190),
(67, 'DocuCom PDF Driver', 'konwerter tekstu', 100),
(68, 'DocuCom PDF Server', 'zarzadzanie dokumentami tekstowymi', 100),
(69, 'Acronis Recovery for Microsoft Exchange', 'bezpieczenstwo danych', 4612),
(70, 'Acronis vmProtect', 'narzedziowy', 55),
(71, 'Acronis SnapDeploy', 'narzedziowy', 93),
(72, 'Acronis Disk Director', 'narzedziowy', 2319),
(73, 'Acronis Backup & Recovery 11 Server', 'narzedziowy', 3388),
(74, 'Winlock Professional', 'narzedziowy', 1217),
(75, 'Winlock Remote Administrator', 'narzedziowy', 430),
(76, 'EaseUS Data Recovery Wizard', 'odzyskiwanie danych', 385),
(77, 'EaseUS Todo Backup Workstation', 'odzyskiwanie danych', 183),
(78, 'EaseUS Todo Backup Server', 'odzyskiwanie danych', 960),
(79, 'Recover My Files', 'odzyskiwanie danych', 350),
(80, 'Recover My Photos', 'odzyskiwanie danych', 200),
(81, 'Recover My E-mail', 'odzyskiwanie danych', 130),
(82, 'GFI EndPoint Security', 'bezpieczenstwo danych', 2952),
(83, 'GFI EventManager', 'zarzadzanie siecia komputerowa', 11210),
(84, 'GFI WebMonitor', 'zarzadzanie siecia komputerowa', 228),
(85, 'GFI LanGuard', 'zarzadzanie siecia komputerowa', 421),
(86, 'BadCopy Pro', 'odzyskiwanie danych', 258),
(87, 'BadCopy Doc Repair', 'odzyskiwanie danych', 552),
(88, 'Drive Backup Server', 'bezpieczenstwo danych', 1460),
(89, 'System Backup', 'bezpieczenstwo danych', 89),
(90, 'Drive Backup Workstation', 'bezpieczenstwo danych', 219),
(91, 'PGP Whole Disk Encryption', 'bezpieczenstwo danych', 260),
(92, 'PGP Command Line', 'bezpieczenstwo danych', 11052),
(93, 'PGP Desktop Email', 'bezpieczenstwo danych', 1460),
(94, 'PGP NetShare', 'bezpieczenstwo danych', 388),
(95, 'PGP Universal Gateway Email', 'bezpieczenstwo danych', 332),
(96, 'Stellar Office Password Recovery', 'odzyskiwanie danych', 340),
(97, 'Stellar Windows Data Recovery', 'odzyskiwanie danych', 488),
(98, 'Stellar Phoenix Media Recovery', 'odzyskiwanie danych', 192),
(99, 'Stellar Outlook Recovery', 'odzyskiwanie danych', 734),
(100, 'IBM Data Rational Software', 'zarzadzanie projektem', 1100),
(101, 'IBM Information Management Software', 'zarzadzanie projektem', 890),
(102, 'IBM Tivoli Software', 'zarzadzanie projektem', 742),
(103, 'Data Converter Enterprise', 'baza danych', 1464),
(104, 'Data Sync', 'baza danych', 971),
(105, 'Data Documenter', 'baza danych', 725),
(106, 'ArCADia - INTELLICAD', 'CAD', 1321),
(107, 'ArCADia - ARCHITEKTURA', 'CAD', 430),
(108, 'ArCon 13', 'CAD', 550),
(109, 'OKAY CRM', 'zarzadzanie kontaktami handlowymi', 550),
(110, 'OKAY Beam', 'wirtualny meeting', 400),
(111, 'Sales Partner CRM', 'zarzadzanie kontaktami handlowymi', 1560),
(112, 'Sales Partner - Pulpit Sprzedawcy', 'zarzadzanie kontaktami handlowymi', 680),
(113, 'Sales Partner - Pulpit Menadzera', 'zarzadzanie kontaktami handlowymi', 588),
(114, 'Sales Partner - Pulpit Klienta`', 'zarzadzanie kontaktami handlowymi', 119),
(115, 'mikroSubiekt', 'zarzadzanie kontaktami handlowymi', 172),
(116, 'Subiekt GT', 'zarzadzanie kontaktami handlowymi', 900),
(117, 'Subiekt GT - licencja na prace zdalna', 'zarzadzanie kontaktami handlowymi', 369),
(118, 'Sfera dla Subiekta GT', 'zarzadzanie kontaktami handlowymi', 799),
(119, 'Gestor GT', 'zarzadzanie kontaktami handlowymi', 725),
(120, 'Sello', 'zarzadzanie kontaktami handlowymi', 840),
(121, 'Subiekt Sprint', 'zarzadzanie kontaktami handlowymi', 418),
(122, 'ConceptDraw Diag', 'grafika', 429),
(123, 'ConceptDraw MindMap', 'mapa mysli', 299),
(124, 'ConceptDraw Project', 'grafika', 635),
(125, 'Nevron Chart', 'grafika', 300),
(126, 'Nevron Diagram', 'grafika', 300),
(127, 'Nevron Data Visualisation', 'grafika', 399),
(128, 'Nevron 3DChart for ActiveX', 'grafika', 299),
(129, 'Nevron Vision', 'grafika', 159),
(130, 'ViewLet Builder', 'animacja', 569),
(131, 'ViewLet Poll', 'animacja', 145),
(132, 'ViewLet Quiz', 'animacja', 145),
(133, 'ViewLet Cam', 'animacja', 423),
(134, 'ViewLet Central', 'animacja', 560),
(135, 'Dolphin Lunar', 'edytor dokumentow tekstowych', 299),
(136, 'Dolphin Hall', 'edytor dokumentow tekstowych', 399),
(137, 'Dolphin SuperNova', 'edytor dokumentow tekstowych', 299),
(138, 'Norma Standard', 'kosztorysowanie', 3890),
(139, 'Viking', 'kosztorysowanie', 259),
(140, 'Rysunek', 'kosztorysowanie', 197),
(141, 'AthExcel', 'kosztorysowanie', 122),
(142, 'AthProject', 'kosztorysowanie', 1230),
(143, 'Ocena', 'kosztorysowanie', 250),
(144, 'Wykopy', 'kosztorysowanie', 348),
(145, 'Stawka', 'kosztorysowanie', 156),
(146, 'MiaraPro', 'kosztorysowanie', 1217),
(147, 'Automapa Polska', 'mapa nawigacyjna', 196),
(148, 'Automapa Europa', 'mapa nawigacyjna', 356),
(149, 'Autopilot Polska', 'mapa nawigacyjna', 301),
(150, 'Autopilot Europa', 'mapa nawigacyjna', 503),
(151, 'Navigator', 'mapa nawigacyjna', 201),
(152, 'Emapa Geomarketing', 'mapa nawigacyjna', 4533),
(153, 'Emapa Transport', 'mapa nawigacyjna', 2135),
(154, 'Emapa Autopilot', 'mapa nawigacyjna', 300),
(155, 'Visual Mind Basic Editon', 'mapa mysli', 430),
(156, 'Visual Mind Server', 'mapa mysli', 3064),
(157, 'MindJet Basic', 'mapa mysli', 1585),
(158, 'MindJet Connect', 'mapa mysli', 330),
(159, 'MindJet JVC Gantt', 'mapa mysli', 431),
(160, 'MagicDraw UML Enterprise', 'modelowanie UML', 2671),
(161, 'MagicDraw UML Teamwork Server', 'modelowanie UML', 649),
(162, 'Komodo IDE', 'programowanie', 1199),
(163, 'ActiveTcl', 'programowanie', 421),
(164, 'Tcl Development Kit', 'programowanie', 354),
(165, 'Altova XMLSpy', 'programowanie', 1189),
(166, 'Altova Mapforce', 'programowanie', 1091),
(167, 'Altova DiffDog', 'programowanie', 543),
(168, 'Altova UModel', 'programowanie', 1092),
(169, 'Altova DatabaseSpy', 'baza danych', 551),
(170, 'Altova StyleVision', 'programowanie', 679),
(171, 'Altova Authentic Desktop', 'edytor XML', 336),
(172, 'Adobe PageMaker', 'DTP', 996),
(173, 'ComponentOne Doc-To-Help', 'programowanie', 520),
(174, 'ComponentOne PowerSuite', 'programowanie', 3200),
(175, 'ComponentOne ActiveReports', 'programowanie', 231),
(176, 'ComponentOne Spread Studio', 'programowanie', 134),
(177, 'ComponentOne Spread COM', 'programowanie', 156),
(178, 'ComponentOne Studio for Silverlight', 'programowanie', 142),
(179, 'ComponentOne Studio Ultimate', 'programowanie', 263),
(180, 'ComponentOne ActiveAnalysis', 'programowanie', 380),
(181, 'dbForge Studio', 'programowanie', 1200),
(182, 'dbForge Compare Bundle', 'programowanie', 340),
(183, 'dbForge Fusion', 'programowanie', 410),
(184, 'dbForge Object Search', 'programowanie', 323),
(185, 'dbForge Event Profiler', 'programowanie', 365),
(186, 'dbForge SQL Decryptor', 'programowanie', 0),
(187, 'Windows Forms', 'programowanie', 3600),
(188, 'Ignite UI (Javascript/HTML5)', 'programowanie', 2669),
(189, 'Windows Presentation Foundation', 'programowanie', 3320),
(190, 'Indigo Studio', 'programowanie', 1980),
(191, 'Serif Movie', 'multimedia', 366),
(192, 'Serif Photo', 'multimedia', 356),
(193, 'Serif CraftArtist', 'multimedia', 389),
(194, 'Serif Draw', 'multimedia', 337),
(195, 'WebPlus', 'projektowanie stron Web', 368),
(196, 'PagePlus', 'edytor dokumentow tekstowych', 360),
(197, 'PhotoPlus', 'grafika', 312),
(198, 'DrawPlus', 'grafika', 360),
(199, 'MoviePlus', 'video', 240),
(200, 'PanoramaPlus', 'grafika', 81),
(201, 'CratfArtist', 'grafika', 99),
(202, 'PhotoProject', 'grafika', 86),
(203, 'IP*Works!', 'narzedziowy', 157),
(204, 'Enterprise Adapters', 'narzedziowy', 210),
(205, 'E-Business Integrators', 'narzedziowy', 221),
(206, 'NetCmdlets and PowerShell', 'narzedziowy', 260),
(207, 'Workflow Activities (WF)', 'narzedziowy', 189),
(208, 'Actipro WPF Basic', 'programowanie', 2512),
(209, 'Actipro BarCode', 'programowanie', 364),
(210, 'Actipro Charts', 'programowanie', 643),
(211, 'Actipro Docking', 'programowanie', 2897),
(212, 'Actipro Gauge', 'programowanie', 999),
(213, 'Actipro Navigation', 'programowanie', 429),
(214, 'Actipro Property Grid', 'programowanie', 598),
(215, 'Actipro Ribbon', 'programowanie', 899),
(216, 'Actipro Views', 'programowanie', 451),
(217, 'Actipro Wizard', 'programowanie', 351),
(218, 'ApexSQL Build', 'programowanie', 1550),
(219, 'ApexSQL Clean', 'programowanie', 1560),
(220, 'ApexSQL Diff', 'programowanie', 1667),
(221, 'ApexSQL Doc', 'programowanie', 1131),
(222, 'ApexSQL Generate', 'programowanie', 1999),
(223, 'ApexSQL Script', 'programowanie', 981),
(224, 'ApexSQL Refactor', 'programowanie', 0),
(225, 'ApexSQL Search', 'programowanie', 0),
(226, 'ApexSQL Source Control', 'programowanie', 1189),
(227, 'ApexSQL Backup', 'baza danych', 1980),
(228, 'ApexSQL Monitor', 'baza danych', 1990),
(229, 'ApexSQL Restore', 'baza danych', 1189),
(230, 'Ashampoo Movie Studio', 'multimedia', 350),
(231, 'Ashampoo Snap', 'multimedia', 170),
(232, 'Ashampoo Deniose', 'multimedia', 216),
(233, 'Ashampoo Moovie Shrink', 'multimedia', 134),
(234, 'Edytor obrazow dysku', 'narzedziowy', 24),
(235, 'Wirtualny HDD', 'narzedziowy', 39),
(236, 'Nagrywanie plyty', 'narzedziowy', 19),
(237, 'Rozruchowe USB', 'narzedziowy', 31),
(238, 'Inicjator ISCSI', 'narzedziowy', 23),
(239, 'Monitor', 'narzedziowy', 31),
(240, 'Wirtualna nagrywarka', 'narzedziowy', 40),
(241, 'Obsluga nieograniczonej liczby urzadzen', 'narzedziowy', 40),
(242, 'Backup', 'narzedziowy', 0),
(243, 'FusionCharts XT', 'grafika', 799),
(244, 'FusionWidgets XT', 'grafika', 799),
(245, 'PowerCharts XT', 'grafika', 799),
(246, 'FusionMaps XT', 'grafika', 799),
(247, 'iSpring Suite', 'e-learning', 2690),
(248, 'iSpring Presenter', 'e-learning', 1998),
(249, 'iSpring QuizMaker', 'e-learning', 1612),
(250, 'Converter Pro', 'e-learning', 1174),
(251, 'iSpring Cam', 'e-learning', 399),
(252, 'iSpring TalkMaster', 'e-learning', 1954),
(253, 'iSpring River', 'e-learning', 199),
(254, 'IconCool Studio', 'grafika', 1399),
(255, 'ImageCool Converter', 'grafika', 1190),
(256, 'IconCool Editor', 'grafika', 0),
(257, 'IconCool Manager', 'grafika', 1569),
(258, 'PDFCool Studio', 'grafika', 1035),
(259, 'Partition Manager', 'narzedziowy', 178),
(260, 'Hard Disc Manager', 'narzedziowy', 139),
(261, 'Disc Wiper', 'narzedziowy', 430),
(262, 'Drive Copy', 'narzedziowy', 109),
(263, 'Encrypted Disc', 'narzedziowy', 89),
(264, 'Virtualization Manager', 'narzedziowy', 179),
(265, 'QuarkXPress', 'DTP', 3695),
(266, 'Application Stack Management Bundle', 'zarzadzanie siecia komputerowa', 13980),
(267, 'Server & Application Monitor', 'zarzadzanie siecia komputerowa', 11880),
(268, 'Virtualization Manager', 'zarzadzanie siecia komputerowa', 11880),
(269, 'Storage Resource Monitor', 'zarzadzanie siecia komputerowa', 11880),
(270, 'Web Performance Monitor', 'zarzadzanie siecia komputerowa', 7900),
(271, 'Admin Bundle for Active Directory', 'zarzadzanie siecia komputerowa', 0),
(272, 'Permissions Analyzer for Active Directory', 'zarzadzanie siecia komputerowa', 0),
(273, 'SAN Monitor', 'zarzadzanie siecia komputerowa', 0),
(274, 'VMware Monitor', 'zarzadzanie siecia komputerowa', 0),
(275, 'VM-to-Cloud Calculator', 'zarzadzanie siecia komputerowa', 0),
(276, 'SNMP Enabler for Windows', 'zarzadzanie siecia komputerowa', 0),
(277, 'Moare', 'multimedia', 7444),
(278, 'SWF Quicker', 'multimedia', 335),
(279, 'SWF Catcher', 'multimedia', 141),
(280, 'DHTML Site Navigation', 'multimedia', 391),
(281, 'Flash Maker', 'multimedia', 289),
(282, 'Logo Maker', 'multimedia', 237),
(283, 'Photo Album Maker', 'multimedia', 0),
(284, 'Camtasia Studio', 'multimedia', 1121),
(285, 'Snagit ScreenCapture', 'multimedia', 184),
(286, 'SWF Decompiler', 'multimedia', 316),
(287, 'Foxit Quick PDF Library', 'edytor dokumentow tekstowych', 6000),
(288, 'Foxit WebPDF SDK', 'programowanie', 0);

-- --------------------------------------------------------

--
-- Table structure for table `zestawy`
--

CREATE TABLE `zestawy` (
  `Id_pakietu` int(2) DEFAULT NULL,
  `Id_programu` int(3) DEFAULT NULL
) ENGINE=InnoDB DEFAULT CHARSET=utf8 COLLATE=utf8_general_ci;

--
-- Dumping data for table `zestawy`
--

INSERT INTO `zestawy` (`Id_pakietu`, `Id_programu`) VALUES
(11, 6),
(72, 284),
(20, 45),
(30, 85),
(64, 235),
(22, 56),
(20, 50),
(21, 52),
(70, 272),
(27, 74),
(61, 220),
(19, 31),
(61, 218),
(36, 105),
(37, 108),
(61, 221),
(7, 14),
(19, 36),
(71, 282),
(60, 209),
(67, 256),
(42, 127),
(48, 152),
(33, 92),
(58, 199),
(36, 103),
(51, 161),
(19, 39),
(45, 141),
(55, 185),
(20, 41),
(13, 22),
(40, 120),
(22, 58),
(5, 12),
(70, 273),
(54, 174),
(57, 194),
(69, 270),
(39, 111),
(34, 97),
(59, 204),
(11, 7),
(70, 276),
(71, 278),
(68, 262),
(19, 34),
(69, 267),
(2, 4),
(58, 196),
(40, 117),
(68, 261),
(9, 17),
(62, 229),
(55, 184),
(12, 24),
(58, 201),
(43, 132),
(45, 146),
(39, 112),
(23, 59),
(63, 232),
(3, 3),
(29, 80),
(61, 225),
(44, 135),
(35, 100),
(40, 115),
(8, 13),
(41, 124),
(67, 254),
(53, 166),
(31, 87),
(37, 106),
(65, 246),
(13, 20),
(32, 89),
(2, 1),
(10, 18),
(46, 147),
(40, 121),
(63, 230),
(26, 69),
(11, 1),
(61, 224),
(6, 11),
(11, 9),
(32, 88),
(39, 113),
(4, 3),
(70, 271),
(36, 104),
(15, 24),
(38, 109),
(11, 3),
(65, 243),
(60, 214),
(49, 155),
(33, 95),
(27, 75),
(3, 1),
(66, 252),
(5, 13),
(61, 219),
(15, 21),
(32, 90),
(54, 177),
(54, 175),
(30, 83),
(35, 101),
(47, 150),
(7, 11),
(8, 15),
(30, 82),
(33, 93),
(6, 13),
(69, 268),
(21, 53),
(64, 234),
(7, 16),
(45, 140),
(7, 13),
(53, 168),
(62, 228),
(71, 280),
(12, 23),
(20, 48),
(66, 250),
(60, 215),
(40, 116),
(29, 81),
(56, 189),
(19, 40),
(47, 151),
(30, 84),
(59, 206),
(59, 203),
(57, 191),
(52, 162),
(50, 159),
(1, 6),
(50, 157),
(67, 258),
(2, 3),
(54, 180),
(55, 183),
(55, 182),
(14, 28),
(54, 176),
(60, 216),
(28, 77),
(43, 130),
(12, 22),
(46, 148),
(48, 153),
(51, 160),
(45, 138),
(11, 8),
(23, 61),
(50, 158),
(20, 46),
(28, 76),
(45, 142),
(41, 122),
(6, 14),
(64, 238),
(72, 285),
(55, 186),
(45, 145),
(42, 128),
(17, 30),
(63, 233),
(66, 248),
(56, 188),
(37, 107),
(7, 12),
(25, 66),
(2, 9),
(65, 244),
(5, 16),
(66, 249),
(52, 164),
(12, 21),
(26, 72),
(64, 237),
(54, 179),
(9, 19),
(15, 20),
(42, 125),
(66, 253),
(34, 98),
(11, 4),
(69, 269),
(23, 60),
(45, 143),
(9, 18),
(44, 136),
(16, 19),
(19, 37),
(60, 211),
(54, 173),
(54, 178),
(26, 73),
(44, 137),
(24, 64),
(47, 149),
(10, 17),
(43, 133),
(20, 44),
(22, 57),
(60, 208),
(34, 99),
(1, 1),
(63, 231),
(52, 163),
(8, 11),
(26, 70),
(59, 207),
(53, 170),
(42, 126),
(71, 283),
(12, 20),
(71, 279),
(64, 242),
(34, 96),
(6, 16),
(61, 226),
(19, 38),
(53, 169),
(20, 43),
(23, 62),
(68, 260),
(13, 21),
(53, 167),
(1, 5),
(21, 55),
(55, 181),
(33, 94),
(4, 9),
(66, 247),
(58, 200),
(56, 190),
(64, 239),
(61, 223),
(5, 11),
(14, 26),
(33, 91),
(39, 114),
(53, 171),
(40, 119),
(66, 251),
(60, 217),
(68, 264),
(1, 8),
(8, 16),
(19, 32),
(41, 123),
(13, 25),
(3, 9),
(13, 24),
(61, 222),
(71, 281),
(35, 102),
(56, 187),
(6, 12),
(58, 197),
(64, 241),
(57, 192),
(1, 4),
(53, 165),
(60, 210),
(38, 110),
(20, 49),
(64, 236),
(58, 198),
(64, 240),
(19, 33),
(48, 154),
(43, 131),
(71, 286),
(25, 68),
(67, 255),
(19, 35),
(20, 42),
(69, 266),
(42, 129),
(14, 27),
(21, 54),
(72, 277),
(65, 245),
(1, 3),
(24, 65),
(6, 15),
(60, 213),
(25, 67),
(3, 4),
(1, 9),
(59, 205),
(4, 1),
(45, 144),
(20, 47),
(21, 51),
(28, 78),
(58, 202),
(40, 118),
(14, 29),
(58, 195),
(57, 193),
(31, 86),
(4, 4),
(26, 71),
(43, 134),
(49, 156),
(62, 227),
(68, 263),
(29, 79),
(7, 15),
(8, 12),
(60, 212),
(68, 259),
(67, 257),
(70, 275),
(45, 139),
(70, 274),
(73, 61),
(73, 287),
(73, 288);
COMMIT;

/*!40101 SET CHARACTER_SET_CLIENT=@OLD_CHARACTER_SET_CLIENT */;
/*!40101 SET CHARACTER_SET_RESULTS=@OLD_CHARACTER_SET_RESULTS */;
/*!40101 SET COLLATION_CONNECTION=@OLD_COLLATION_CONNECTION */;
