-- phpMyAdmin SQL Dump
-- version 5.2.0
-- https://www.phpmyadmin.net/
--
-- Host: 127.0.0.1
-- Generation Time: May 20, 2023 at 02:43 PM
-- Server version: 10.4.27-MariaDB
-- PHP Version: 8.2.0

SET SQL_MODE = "NO_AUTO_VALUE_ON_ZERO";
START TRANSACTION;
SET time_zone = "+00:00";


/*!40101 SET @OLD_CHARACTER_SET_CLIENT=@@CHARACTER_SET_CLIENT */;
/*!40101 SET @OLD_CHARACTER_SET_RESULTS=@@CHARACTER_SET_RESULTS */;
/*!40101 SET @OLD_COLLATION_CONNECTION=@@COLLATION_CONNECTION */;
/*!40101 SET NAMES utf8mb4 */;

--
-- Database: `matrix`
--

-- --------------------------------------------------------

--
-- Table structure for table `pracownicy`
--

CREATE TABLE `pracownicy` (
  `PESEL` varchar(11) DEFAULT NULL,
  `Nazwisko` varchar(13) DEFAULT NULL,
  `Imie` varchar(9) DEFAULT NULL,
  `Miejscowosc` varchar(15) DEFAULT NULL
) ENGINE=InnoDB DEFAULT CHARSET=utf8 COLLATE=utf8_general_ci;

--
-- Dumping data for table `pracownicy`
--

INSERT INTO `pracownicy` (`PESEL`, `Nazwisko`, `Imie`, `Miejscowosc`) VALUES
('99121573571', 'Abrich', 'Wojciech', 'Zory'),
('77022270175', 'Adamczyk', 'Janusz', 'Gliwice'),
('81071092233', 'Andrzejczyk', 'Piotr', 'Gliwice'),
('84061632305', 'Andrzejewicz', 'Justyna', 'Zory'),
('78012267960', 'Andrzejewska', 'Justyna', 'Myslowice'),
('00211486684', 'Antczak', 'Dorota', 'Myslowice'),
('82111668069', 'Antkowicz', 'Kleopatra', 'Chorzow'),
('78061949367', 'Augustynowska', 'Patrycja', 'Gliwice'),
('61120859464', 'Bajor', 'Patrycja', 'Chorzow'),
('92041895143', 'Bidler', 'Anna', 'Krakow'),
('88060633398', 'Bielaszewski', 'Jan', 'Katowice'),
('83041762623', 'Bielawska', 'Karolina', 'Gliwice'),
('92101975525', 'Bilska', 'Katarzyna', 'Gliwice'),
('69072710172', 'Bojczyk', 'Sebastian', 'Tarnowskie Gory'),
('81120464998', 'Bronicki', 'Adam', 'Chorzow'),
('87062750948', 'Bugajno', 'Wiktoria', 'Piekary Slaskie'),
('92090866233', 'Bugajski', 'Sebastian', 'Swietochlowice'),
('82011292429', 'Burkiewicz', 'Michalina', 'Katowice'),
('84080569574', 'Burski', 'Jerzy', 'Myslowice'),
('96121059001', 'Burzynska', 'Antonina', 'Krakow'),
('69120818917', 'Czekaj', 'Adam', 'Gliwice'),
('87090865078', 'Czynny', 'Janusz', 'Katowice'),
('68091123462', 'Dawidowska', 'Ewa', 'Siemianowice'),
('93102278884', 'Drabik', 'Edwina', 'Zabrze'),
('87062086333', 'Dudeczek', 'Andrzej', 'Katowice'),
('89052322441', 'Dudek', 'Karolina', 'Gliwice'),
('79041379857', 'Dudkiewicz', 'Wiktor', 'Katowice'),
('84062618311', 'Dudkowski', 'Andrzej', 'Bielsko Biala'),
('98052514170', 'Durczok', 'Jerzy', 'Katowice'),
('01230712857', 'Dziadkowski', 'Ewan', 'Bielsko Biala'),
('83040232798', 'Dzida', 'Seweryn', 'Gliwice'),
('79052162464', 'Dzika', 'Paulina', 'Gliwice'),
('89011284779', 'Fujarewicz', 'Adam', 'Katowice'),
('90071594539', 'Gabowski', 'Wiktor', 'Tarnowskie Gory'),
('59121254845', 'Gawron', 'Karolina', 'Bytom'),
('97080131708', 'Gerwazy', 'Karolina', 'Myslowice'),
('83040314845', 'Glowaj', 'Ewa', 'Bytom'),
('88032884997', 'Gorchalski', 'Tomasz', 'Myslowice'),
('96050556875', 'Grabarz', 'Adam', 'Katowice'),
('96082456169', 'Green', 'Zofia', 'Katowice'),
('63030872779', 'Grochot', 'Jerzy', 'Gliwice'),
('97052873850', 'Gruca', 'Wiktor', 'Gliwice'),
('93111772717', 'Gutkowski', 'Grzegorz', 'Rybnik'),
('88041490754', 'Handke', 'Antoni', 'Gliwice'),
('87121181946', 'Hanke', 'Kalina', 'Gliwice'),
('93111321638', 'Henrykowski', 'Kornel', 'Gliwice'),
('90100532222', 'Herman', 'Zofia', 'Piekary Slaskie'),
('82092387166', 'Herman', 'Amelia', 'Gliwice'),
('85022769263', 'Hertman', 'Zofia', 'Katowice'),
('85040186862', 'Jacak', 'Rozalia', 'Tarnowskie Gory'),
('90071048687', 'Jaksiewicz', 'Agata', 'Zabrze'),
('94100739689', 'Jancewicz', 'Ewelia', 'Gliwice'),
('91091314554', 'Jarocki', 'Marek', 'Gliwice'),
('96041655459', 'Jaworski', 'Ernest', 'Piekary Slaskie'),
('90081986803', 'Kaczorowska', 'Marzena', 'Siemianowice'),
('79051566610', 'Kajetanowicz', 'Patryk', 'Myslowice'),
('85030615390', 'Kalicki', 'Andrzej', 'Bielsko Biala'),
('92112377396', 'Kalisz', 'Karol', 'Zabrze'),
('80063050611', 'Kaliszewski', 'Faustyn', 'Krakow'),
('72092076469', 'Karpik', 'Dominika', 'Gliwice'),
('84032612756', 'Kawalerowicz', 'Wiktor', 'Gliwice'),
('90050968982', 'Klucznik', 'Paulina', 'Gliwice'),
('89072858597', 'Kocicki', 'Kornel', 'Krakow'),
('85061849221', 'Kolasinka', 'Anna', 'Gliwice'),
('78102259510', 'Komarnicki', 'Wiktor', 'Katowice'),
('70021574202', 'Konieczna', 'Maria', 'Gliwice'),
('91050832765', 'Konopnicka', 'Maria', 'Swietochlowice'),
('84080419800', 'Korkowska', 'Paulina', 'Katowice'),
('83020982950', 'Korwin', 'Piotr', 'Rybnik'),
('86112727558', 'Kosinski', 'Jan', 'Gliwice'),
('80032927955', 'Kostrzewa', 'Wojciech', 'Katowice'),
('81030746177', 'Kot', 'Wojciech', 'Siemianowice'),
('79052922062', 'Kowal', 'Paulina', 'Gliwice'),
('90011047109', 'Kowalczyk', 'Patrycja', 'Siemianowice'),
('89073075463', 'Kowalska', 'Paulina', 'Gliwice'),
('74051070044', 'Kowalska', 'Anna', 'Katowice'),
('87121110791', 'Kowalski', 'Andrzej', 'Gliwice'),
('71111293212', 'Kozakiewicz', 'Filip', 'Gliwice'),
('92121746006', 'Kozica', 'Karolina', 'Zabrze'),
('97062640145', 'Kozielczyk', 'Amelia', 'Rybnik'),
('72092468930', 'Kozielewski', 'Jerzy', 'Gliwice'),
('89110296013', 'Kozinski', 'Andrzej', 'Gliwice'),
('96081099358', 'Krakowski', 'Wojciech', 'Rybnik'),
('74090680952', 'Kredkowska', 'Stefan', 'Gliwice'),
('92010762609', 'Kretowska', 'Justyna', 'Katowice'),
('86030715967', 'Krol', 'Malwina', 'Gliwice'),
('76071328228', 'Krolewicz', 'Karolina', 'Katowice'),
('85061169747', 'Krolikiewicz', 'Malwina', 'Katowice'),
('83061750156', 'Krotkiewski', 'Andrzej', 'Gliwice'),
('86061622153', 'Kruczek', 'Dariusz', 'Bielsko Biala'),
('95111093160', 'Kruczkowska', 'Kazimiera', 'Gliwice'),
('00220396736', 'Krukowski', 'Narcyz', 'Rybnik'),
('81123072981', 'Krupa', 'Malwina', 'Myslowice'),
('97061261282', 'Krupinska', 'Irma', 'Piekary Slaskie'),
('94110383957', 'Kruszyna', 'Kornel', 'Chorzow'),
('99120927319', 'Kujonski', 'Adam', 'Chorzow'),
('62011052982', 'Kukulka', 'Patrycja', 'Katowice'),
('91103111832', 'Kula', 'Henryk', 'Gliwice'),
('81072675910', 'Kulka', 'Jerzy', 'Katowice'),
('88081454071', 'Kupicki', 'Adam', 'Gliwice'),
('90120447577', 'Kurczak', 'January', 'Myslowice'),
('80082936525', 'Kurska', 'Olivia', 'Gliwice'),
('77021449064', 'Kutnicka', 'Joanna', 'Katowice'),
('88020643885', 'Kwiatkowska', 'Zofia', 'Rybnik'),
('89051965791', 'Kwiatkowski', 'Tadeusz', 'Chorzow'),
('83030713018', 'Kwiatowicz', 'Jan', 'Gliwice'),
('76021661410', 'Kwitniewski', 'Albert', 'Katowice'),
('96021654296', 'Kwitowski', 'Jan', 'Chorzow'),
('95091183893', 'Lange', 'Janusz', 'Katowice'),
('00312447739', 'Langiewicz', 'Amadeusz', 'Katowice'),
('93081880566', 'Lewaszkiewicz', 'Justyna', 'Gliwice'),
('97081619346', 'Lis', 'Dorota', 'Gliwice'),
('80052785782', 'Lisicka', 'Kinga', 'Krakow'),
('98010881962', 'Lubiatowska', 'Barbara', 'Gliwice'),
('94082877603', 'Lubicka', 'Justyna', 'Bytom'),
('60042129602', 'Makowska', 'Krystyna', 'Gliwice'),
('95013062448', 'Malinowska', 'Paulina', 'Siemianowice'),
('84111592168', 'Malinska', 'Dominika', 'Siemianowice'),
('90071262308', 'Marciniak', 'Zofia', 'Katowice'),
('95122362499', 'Markowski', 'Jan', 'Myslowice'),
('73050978537', 'Mazur', 'Piotr', 'Myslowice'),
('75111867316', 'Milder', 'Karol', 'Gliwice'),
('82053154042', 'Misiek', 'Paulina', 'Zory'),
('89021968180', 'Modrzejewska', 'Teresa', 'Myslowice'),
('91022421942', 'Modrzewska', 'Ewelina', 'Piekary Slaskie'),
('89061122722', 'Mroczek', 'Paulina', 'Krakow'),
('98061785789', 'Myszkowska', 'Justyna', 'Zabrze'),
('01271948491', 'Nowaczek', 'Andrzej', 'Katowice'),
('81061911438', 'Nowak', 'Bogumil', 'Bielsko Biala'),
('94112589931', 'Nowakowski', 'Piotr', 'Gliwice'),
('86122554131', 'Nowotko', 'Sebastian', 'Gliwice'),
('92050657479', 'Oborowski', 'Wojciech', 'Gliwice'),
('70080914919', 'Odolanowski', 'Kornel', 'Katowice'),
('77070796384', 'Patrycy', 'Zofia', 'Katowice'),
('99071947484', 'Pawlikowska', 'Dorota', 'Zory'),
('94032111339', 'Piekarski', 'Kamil', 'Chorzow'),
('86021379938', 'Piekarz', 'Kornel', 'Chorzow'),
('76012093493', 'Pieskowski', 'Wojciech', 'Gliwice'),
('75071778477', 'Pleszewski', 'Marcin', 'Krakow'),
('99121824301', 'Poloczek', 'Maria', 'Gliwice'),
('00252960031', 'Romanowski', 'Jerzy', 'Gliwice'),
('82031633910', 'Roztoka', 'Andrzej', 'Katowice'),
('68010634532', 'Rudnicki', 'Piotr', 'Gliwice'),
('98010996356', 'Rudzinski', 'Wojciech', 'Tarnowskie Gory'),
('83071577958', 'Rzymski', 'Piotr', 'Gliwice'),
('83070774646', 'Sfarnicka', 'Karolina', 'Chorzow'),
('73102055173', 'Sfarnicki', 'Bonifacy', 'Chorzow'),
('88032151088', 'Sibilska', 'Alicja', 'Gliwice'),
('77102111394', 'Siwek', 'Adam', 'Gliwice'),
('01303192726', 'Siwek', 'Anna', 'Gliwice'),
('80111769711', 'Siwicki', 'Jan', 'Gliwice'),
('76082244612', 'Skalny', 'Jerzy', 'Katowice'),
('98072258726', 'Skoniecka', 'Karina', 'Gliwice'),
('78033117532', 'Solny', 'Kacper', 'Myslowice'),
('01291479054', 'Stanislawski', 'Rudolf', 'Zabrze'),
('99012153756', 'Stankiewicz', 'Wiktor', 'Gliwice'),
('91052873780', 'Stanko', 'Janina', 'Tarnowskie Gory'),
('86012615683', 'Stasiak', 'Natalia', 'Chorzow'),
('86052090714', 'Stasicki', 'Marek', 'Gliwice'),
('91091521428', 'Stawikowska', 'Kaja', 'Zory'),
('82092143609', 'Stawikowska', 'Sabina', 'Gliwice'),
('74091264258', 'Synowski', 'Feliks', 'Gliwice'),
('81111358204', 'Szargawinska', 'Beata', 'Zabrze'),
('92052540982', 'Szczupak', 'Ewelia', 'Gliwice'),
('71070846711', 'Szulc', 'Stanislaw', 'Rybnik'),
('81041832832', 'Szyc', 'Marek', 'Katowice'),
('81112342280', 'Szydlowska', 'Dorota', 'Rybnik'),
('91122080296', 'Taracinski', 'Kamil', 'Gliwice'),
('93030113251', 'Tatarek', 'Wiktor', 'Bielsko Biala'),
('96091727423', 'Tatarkiewicz', 'Katarzyna', 'Gliwice'),
('82040646116', 'Tatarynowicz', 'Kazimierz', 'Gliwice'),
('80091255745', 'Tobera', 'Anna', 'Gliwice'),
('67101888089', 'Tobiaszewska', 'Julia', 'Gliwice'),
('87052520227', 'Tomaszewska', 'Daria', 'Zabrze'),
('85080910544', 'Torbicka', 'Marta', 'Zabrze'),
('87042098442', 'Turczynska', 'Karolina', 'Siemianowice'),
('80112885740', 'Ustecka', 'Karolina', 'Katowice'),
('92110661765', 'Walczakowska', 'Jadwiga', 'Bytom'),
('75040642244', 'Warszawska', 'Marzena', 'Tarnowskie Gory'),
('66022017983', 'Wilczynska', 'Patrycja', 'Rybnik'),
('88041889574', 'Wilczynski', 'Gustaw', 'Katowice'),
('64061372360', 'Wilk', 'Marta', 'Gliwice'),
('84031414595', 'Witczak', 'Tomasz', 'Katowice'),
('85081541903', 'Wittek', 'Ewelia', 'Zabrze'),
('80121119944', 'Wojciechowska', 'Zuzanna', 'Bielsko Biala'),
('83122155515', 'Wojcieszak', 'Protazy', 'Gliwice'),
('91080777867', 'Wojtas', 'Ingeborga', 'Gliwice'),
('75020256913', 'Wojtas', 'Mateusz', 'Katowice'),
('73033059121', 'Wolny', 'Zuzanna', 'Gliwice'),
('80052442601', 'Wolynska', 'Anna', 'Gliwice'),
('73042042642', 'Wozniacka', 'Ewelia', 'Krakow'),
('95110862679', 'Wroclawski', 'Kazimierz', 'Gliwice'),
('82091425966', 'Wronska', 'Joanna', 'Bielsko Biala'),
('65081474702', 'Wysocka', 'Ldia', 'Gliwice'),
('01301144688', 'Zajac', 'Natalia', 'Myslowice'),
('82121356705', 'Zelezinska', 'Dominika', 'Katowice'),
('74060969953', 'Ziarkowski', 'Piotr', 'Krakow'),
('96042743290', 'Ziarnkiewicz', 'Adam', 'Katowice'),
('00221216048', 'Zubilewicz', 'Agata', 'Gliwice');

-- --------------------------------------------------------

--
-- Table structure for table `rejestr_aktywnosci`
--

CREATE TABLE `rejestr_aktywnosci` (
  `Data` varchar(10) DEFAULT NULL,
  `Godzina_rozp` varchar(8) DEFAULT NULL,
  `Godzina_zak` varchar(8) DEFAULT NULL,
  `ID_aktywnosci` int(2) DEFAULT NULL,
  `PESEL` varchar(11) DEFAULT NULL
) ENGINE=InnoDB DEFAULT CHARSET=utf8 COLLATE=utf8_general_ci;

--
-- Dumping data for table `rejestr_aktywnosci`
--

INSERT INTO `rejestr_aktywnosci` (`Data`, `Godzina_rozp`, `Godzina_zak`, `ID_aktywnosci`, `PESEL`) VALUES
('2018-07-01', '17:00:00', '17:45:00', 17, '01301144688'),
('2018-07-01', '20:00:00', '21:15:00', 22, '84061632305'),
('2018-07-01', '16:00:00', '16:45:00', 16, '82092387166'),
('2018-07-01', '20:00:00', '21:00:00', 10, '92052540982'),
('2018-07-01', '19:45:00', '21:45:00', 12, '88032884997'),
('2018-07-01', '19:30:00', '20:20:00', 19, '96021654296'),
('2018-07-01', '19:00:00', '20:30:00', 2, '94110383957'),
('2018-07-01', '20:00:00', '21:15:00', 22, '79052922062'),
('2018-07-01', '19:00:00', '20:30:00', 2, '76021661410'),
('2018-07-01', '18:45:00', '19:30:00', 5, '80091255745'),
('2018-07-01', '20:00:00', '21:00:00', 24, '87062750948'),
('2018-07-01', '18:45:00', '19:45:00', 11, '85040186862'),
('2018-07-01', '20:30:00', '22:30:00', 15, '99120927319'),
('2018-07-01', '18:45:00', '19:35:00', 19, '95122362499'),
('2018-07-02', '19:30:00', '20:30:00', 5, '89110296013'),
('2018-07-02', '16:00:00', '17:30:00', 6, '81072675910'),
('2018-07-02', '16:00:00', '17:00:00', 21, '84080419800'),
('2018-07-02', '19:00:00', '19:45:00', 8, '89051965791'),
('2018-07-02', '19:00:00', '21:30:00', 14, '95110862679'),
('2018-07-02', '18:00:00', '19:00:00', 21, '92112377396'),
('2018-07-02', '20:15:00', '21:15:00', 10, '65081474702'),
('2018-07-02', '18:45:00', '19:45:00', 4, '95111093160'),
('2018-07-02', '20:30:00', '22:30:00', 15, '63030872779'),
('2018-07-02', '19:45:00', '20:45:00', 26, '82092387166'),
('2018-07-02', '19:00:00', '21:00:00', 15, '96091727423'),
('2018-07-02', '18:00:00', '20:00:00', 12, '92090866233'),
('2018-07-02', '16:00:00', '17:30:00', 20, '94112589931'),
('2018-07-02', '16:00:00', '16:45:00', 8, '80063050611'),
('2018-07-02', '20:30:00', '21:20:00', 19, '77102111394'),
('2018-07-03', '20:00:00', '21:00:00', 21, '86061622153'),
('2018-07-03', '20:00:00', '21:30:00', 20, '84061632305'),
('2018-07-03', '19:45:00', '20:45:00', 10, '73042042642'),
('2018-07-03', '20:30:00', '22:30:00', 9, '81111358204'),
('2018-07-03', '17:00:00', '17:45:00', 8, '89051965791'),
('2018-07-03', '18:45:00', '19:15:00', 1, '89061122722'),
('2018-07-03', '16:00:00', '18:00:00', 15, '74060969953'),
('2018-07-03', '17:30:00', '18:30:00', 21, '80111769711'),
('2018-07-03', '18:45:00', '19:35:00', 19, '89011284779'),
('2018-07-03', '16:00:00', '17:00:00', 11, '96081099358'),
('2018-07-03', '20:30:00', '22:00:00', 20, '87121110791'),
('2018-07-04', '20:00:00', '20:45:00', 8, '78033117532'),
('2018-07-04', '19:00:00', '20:00:00', 21, '99121573571'),
('2018-07-04', '17:00:00', '19:00:00', 15, '71111293212'),
('2018-07-04', '17:15:00', '19:15:00', 9, '00211486684'),
('2018-07-04', '16:00:00', '18:00:00', 12, '81071092233'),
('2018-07-04', '20:30:00', '22:30:00', 12, '78012267960'),
('2018-07-04', '19:00:00', '20:00:00', 26, '65081474702'),
('2018-07-04', '19:30:00', '20:15:00', 13, '89072858597'),
('2018-07-04', '18:45:00', '19:30:00', 5, '01271948491'),
('2018-07-04', '20:00:00', '22:30:00', 14, '93111321638'),
('2018-07-04', '20:30:00', '21:20:00', 19, '81041832832'),
('2018-07-04', '19:45:00', '20:45:00', 24, '61120859464'),
('2018-07-04', '20:30:00', '22:30:00', 15, '88020643885'),
('2018-07-05', '20:00:00', '21:30:00', 20, '97062640145'),
('2018-07-05', '17:15:00', '18:15:00', 4, '60042129602'),
('2018-07-05', '18:45:00', '21:15:00', 14, '81030746177'),
('2018-07-05', '18:45:00', '19:30:00', 25, '83061750156'),
('2018-07-05', '18:45:00', '19:55:00', 23, '82111668069'),
('2018-07-05', '20:00:00', '21:00:00', 4, '79052922062'),
('2018-07-05', '20:30:00', '21:15:00', 25, '63030872779'),
('2018-07-05', '20:00:00', '20:45:00', 13, '89110296013'),
('2018-07-05', '20:00:00', '20:30:00', 1, '89052322441'),
('2018-07-05', '18:45:00', '19:45:00', 5, '81123072981'),
('2018-07-05', '19:00:00', '19:45:00', 13, '83041762623'),
('2018-07-05', '17:00:00', '18:00:00', 11, '89072858597'),
('2018-07-05', '20:00:00', '21:00:00', 4, '85080910544'),
('2018-07-05', '20:00:00', '21:00:00', 5, '60042129602'),
('2018-07-05', '19:45:00', '22:15:00', 14, '78102259510'),
('2018-07-05', '19:30:00', '21:30:00', 9, '75071778477'),
('2018-07-06', '19:00:00', '20:00:00', 11, '89073075463'),
('2018-07-06', '18:45:00', '19:30:00', 3, '96121059001'),
('2018-07-06', '20:00:00', '21:00:00', 26, '84080419800'),
('2018-07-06', '16:00:00', '16:45:00', 17, '80052442601'),
('2018-07-06', '16:00:00', '17:30:00', 6, '91050832765'),
('2018-07-06', '16:00:00', '18:30:00', 14, '74060969953'),
('2018-07-06', '20:30:00', '21:00:00', 1, '82011292429'),
('2018-07-06', '17:00:00', '18:30:00', 2, '96042743290'),
('2018-07-06', '17:00:00', '18:15:00', 22, '67101888089'),
('2018-07-06', '16:00:00', '18:00:00', 15, '76071328228'),
('2018-07-06', '21:45:00', '22:30:00', 13, '65081474702'),
('2018-07-06', '20:00:00', '21:10:00', 23, '82092143609'),
('2018-07-06', '17:00:00', '17:45:00', 16, '99121573571'),
('2018-07-07', '18:45:00', '19:30:00', 13, '86021379938'),
('2018-07-07', '16:00:00', '17:00:00', 10, '75040642244'),
('2018-07-07', '18:45:00', '20:45:00', 9, '78102259510'),
('2018-07-07', '16:00:00', '18:00:00', 15, '82011292429'),
('2018-07-07', '16:15:00', '17:15:00', 10, '91052873780'),
('2018-07-07', '20:00:00', '20:45:00', 16, '96041655459'),
('2018-07-07', '20:00:00', '21:30:00', 20, '97052873850'),
('2018-07-07', '19:30:00', '20:40:00', 23, '78061949367'),
('2018-07-07', '16:00:00', '17:00:00', 5, '73033059121'),
('2018-07-07', '18:45:00', '21:15:00', 14, '60042129602'),
('2018-07-07', '20:00:00', '21:00:00', 5, '89110296013'),
('2018-07-07', '19:00:00', '20:30:00', 20, '79041379857'),
('2018-07-07', '19:00:00', '20:00:00', 21, '80121119944'),
('2018-07-07', '20:00:00', '22:00:00', 15, '77021449064'),
('2018-07-08', '20:00:00', '21:00:00', 10, '92101975525'),
('2018-07-08', '17:00:00', '18:00:00', 4, '79052922062'),
('2018-07-08', '20:30:00', '21:20:00', 19, '99121573571'),
('2018-07-08', '20:15:00', '22:15:00', 9, '80121119944'),
('2018-07-08', '18:00:00', '19:00:00', 7, '76082244612'),
('2018-07-08', '20:30:00', '21:20:00', 19, '95091183893'),
('2018-07-08', '16:00:00', '17:00:00', 7, '93102278884'),
('2018-07-08', '20:00:00', '20:45:00', 13, '70080914919'),
('2018-07-09', '20:00:00', '21:00:00', 10, '60042129602'),
('2018-07-09', '18:45:00', '20:15:00', 6, '01301144688'),
('2018-07-09', '18:45:00', '19:45:00', 21, '83040314845'),
('2018-07-09', '20:00:00', '22:00:00', 9, '77022270175'),
('2018-07-09', '16:00:00', '18:30:00', 14, '68010634532'),
('2018-07-09', '20:00:00', '21:00:00', 24, '96050556875'),
('2018-07-09', '16:00:00', '17:00:00', 24, '75071778477'),
('2018-07-09', '16:00:00', '17:30:00', 20, '79041379857'),
('2018-07-10', '16:00:00', '18:30:00', 14, '82040646116'),
('2018-07-10', '20:00:00', '20:45:00', 13, '90071048687'),
('2018-07-10', '20:30:00', '21:40:00', 23, '80121119944'),
('2018-07-10', '19:30:00', '20:15:00', 3, '98052514170'),
('2018-07-10', '16:00:00', '16:45:00', 13, '82091425966'),
('2018-07-10', '17:15:00', '18:00:00', 5, '95091183893'),
('2018-07-10', '20:30:00', '22:30:00', 15, '84031414595'),
('2018-07-10', '18:00:00', '19:10:00', 23, '73033059121'),
('2018-07-10', '16:00:00', '17:00:00', 26, '94100739689'),
('2018-07-10', '20:30:00', '21:30:00', 11, '83040314845'),
('2018-07-10', '17:00:00', '18:30:00', 20, '75071778477'),
('2018-07-10', '18:45:00', '20:45:00', 12, '67101888089'),
('2018-07-10', '20:30:00', '22:30:00', 12, '80111769711'),
('2018-07-11', '16:00:00', '16:45:00', 8, '75040642244'),
('2018-07-11', '19:00:00', '21:00:00', 9, '72092468930'),
('2018-07-11', '16:00:00', '17:30:00', 6, '79041379857'),
('2018-07-11', '18:45:00', '20:45:00', 15, '78061949367'),
('2018-07-12', '16:00:00', '16:45:00', 3, '81061911438'),
('2018-07-12', '20:30:00', '21:15:00', 5, '80111769711'),
('2018-07-12', '16:00:00', '17:00:00', 24, '00312447739'),
('2018-07-12', '16:15:00', '17:45:00', 7, '90071048687'),
('2018-07-12', '20:30:00', '22:30:00', 9, '91091521428'),
('2018-07-12', '19:00:00', '19:45:00', 16, '96121059001'),
('2018-07-12', '18:45:00', '19:45:00', 11, '81123072981'),
('2018-07-12', '17:00:00', '17:45:00', 16, '96081099358'),
('2018-07-12', '16:00:00', '16:45:00', 16, '79052922062'),
('2018-07-12', '16:00:00', '17:30:00', 2, '86021379938'),
('2018-07-12', '20:00:00', '20:45:00', 5, '82121356705'),
('2018-07-12', '18:45:00', '20:15:00', 2, '81061911438'),
('2018-07-12', '20:30:00', '22:00:00', 20, '89051965791'),
('2018-07-12', '20:00:00', '21:00:00', 4, '85022769263'),
('2018-07-13', '16:00:00', '17:30:00', 20, '77102111394'),
('2018-07-13', '16:00:00', '18:30:00', 14, '83040232798'),
('2018-07-13', '19:45:00', '20:30:00', 3, '65081474702'),
('2018-07-13', '18:45:00', '19:30:00', 8, '71111293212'),
('2018-07-13', '16:00:00', '17:30:00', 20, '85030615390'),
('2018-07-13', '19:45:00', '22:15:00', 14, '85081541903'),
('2018-07-13', '18:45:00', '19:30:00', 25, '98061785789'),
('2018-07-13', '19:00:00', '21:30:00', 14, '92041895143'),
('2018-07-13', '19:45:00', '21:45:00', 12, '78061949367'),
('2018-07-13', '19:00:00', '19:45:00', 13, '88032884997'),
('2018-07-13', '20:00:00', '21:00:00', 4, '87062750948'),
('2018-07-13', '17:30:00', '19:30:00', 15, '83030713018'),
('2018-07-13', '16:30:00', '17:20:00', 19, '69120818917'),
('2018-07-13', '20:30:00', '21:15:00', 16, '63030872779'),
('2018-07-13', '19:00:00', '21:00:00', 15, '83061750156'),
('2018-07-14', '18:45:00', '19:30:00', 17, '99071947484'),
('2018-07-14', '18:45:00', '21:15:00', 14, '84061632305'),
('2018-07-14', '20:00:00', '20:50:00', 19, '88041490754'),
('2018-07-14', '20:30:00', '21:40:00', 23, '95013062448'),
('2018-07-14', '17:15:00', '18:15:00', 7, '70021574202'),
('2018-07-14', '20:00:00', '21:15:00', 22, '86030715967'),
('2018-07-14', '16:45:00', '17:45:00', 21, '88081454071'),
('2018-07-14', '20:00:00', '22:00:00', 15, '90081986803'),
('2018-07-14', '19:00:00', '20:30:00', 6, '91091521428'),
('2018-07-14', '20:00:00', '21:10:00', 23, '96091727423'),
('2018-07-14', '18:45:00', '20:15:00', 7, '87042098442'),
('2018-07-14', '17:00:00', '18:30:00', 20, '66022017983'),
('2018-07-14', '19:00:00', '20:00:00', 5, '80063050611'),
('2018-07-14', '18:45:00', '19:45:00', 7, '89021968180'),
('2018-07-14', '17:00:00', '18:30:00', 6, '87121110791'),
('2018-07-14', '20:00:00', '21:00:00', 10, '79052162464'),
('2018-07-14', '16:00:00', '17:00:00', 24, '81123072981'),
('2018-07-14', '19:00:00', '21:00:00', 12, '66022017983'),
('2018-07-15', '19:30:00', '20:30:00', 10, '82092387166'),
('2018-07-15', '17:30:00', '18:15:00', 16, '82040646116'),
('2018-07-15', '20:30:00', '21:15:00', 3, '92110661765'),
('2018-07-15', '16:00:00', '18:00:00', 9, '93030113251'),
('2018-07-15', '17:00:00', '19:00:00', 9, '88081454071'),
('2018-07-15', '16:15:00', '17:15:00', 11, '91022421942'),
('2018-07-15', '17:15:00', '18:00:00', 25, '73042042642'),
('2018-07-15', '16:30:00', '17:30:00', 7, '71111293212'),
('2018-07-15', '18:45:00', '19:45:00', 10, '89021968180'),
('2018-07-15', '20:00:00', '20:45:00', 13, '82053154042'),
('2018-07-15', '17:30:00', '19:30:00', 15, '87090865078'),
('2018-07-15', '20:00:00', '21:15:00', 22, '01230712857'),
('2018-07-15', '17:00:00', '19:00:00', 15, '95111093160'),
('2018-07-15', '17:00:00', '18:30:00', 7, '91050832765'),
('2018-07-15', '16:00:00', '16:45:00', 3, '81120464998'),
('2018-07-15', '20:00:00', '20:45:00', 3, '98061785789'),
('2018-07-16', '20:00:00', '20:45:00', 16, '95111093160'),
('2018-07-16', '20:30:00', '21:30:00', 11, '92010762609'),
('2018-07-16', '20:30:00', '22:30:00', 15, '75071778477'),
('2018-07-16', '20:30:00', '21:15:00', 8, '89021968180'),
('2018-07-16', '20:30:00', '22:30:00', 9, '87121110791'),
('2018-07-16', '20:15:00', '21:00:00', 8, '80111769711'),
('2018-07-16', '20:00:00', '20:45:00', 16, '76021661410'),
('2018-07-16', '20:30:00', '22:30:00', 9, '84032612756'),
('2018-07-16', '18:45:00', '21:15:00', 14, '86112727558'),
('2018-07-16', '20:30:00', '22:00:00', 20, '73042042642'),
('2018-07-16', '20:30:00', '23:00:00', 14, '74060969953'),
('2018-07-16', '20:00:00', '20:45:00', 13, '89011284779'),
('2018-07-16', '19:00:00', '19:45:00', 16, '88041889574'),
('2018-07-16', '19:00:00', '21:00:00', 15, '83040232798'),
('2018-07-17', '20:00:00', '22:30:00', 14, '96021654296'),
('2018-07-17', '20:00:00', '21:00:00', 24, '85061169747'),
('2018-07-17', '20:00:00', '21:00:00', 10, '84080419800'),
('2018-07-17', '20:15:00', '21:15:00', 7, '94082877603'),
('2018-07-17', '20:30:00', '21:15:00', 5, '01271948491'),
('2018-07-17', '17:00:00', '18:00:00', 26, '88032151088'),
('2018-07-17', '18:45:00', '19:45:00', 26, '87042098442'),
('2018-07-17', '18:45:00', '19:45:00', 7, '91103111832'),
('2018-07-17', '17:00:00', '17:30:00', 1, '89052322441'),
('2018-07-17', '19:30:00', '21:30:00', 15, '74090680952'),
('2018-07-17', '18:45:00', '21:15:00', 14, '87062086333'),
('2018-07-17', '20:00:00', '22:00:00', 12, '87090865078'),
('2018-07-17', '20:30:00', '21:15:00', 25, '92090866233'),
('2018-07-17', '20:15:00', '21:00:00', 8, '74060969953'),
('2018-07-18', '20:00:00', '22:30:00', 14, '82092387166'),
('2018-07-18', '19:00:00', '21:00:00', 15, '77070796384'),
('2018-07-18', '20:00:00', '22:00:00', 15, '00252960031'),
('2018-07-18', '16:00:00', '17:00:00', 26, '73042042642'),
('2018-07-18', '19:00:00', '20:15:00', 22, '88041490754'),
('2018-07-18', '17:00:00', '18:00:00', 18, '90081986803'),
('2018-07-18', '19:30:00', '20:30:00', 21, '90120447577'),
('2018-07-18', '16:30:00', '17:30:00', 18, '88032151088'),
('2018-07-18', '20:30:00', '21:30:00', 24, '91091521428'),
('2018-07-18', '19:30:00', '20:30:00', 21, '93081880566'),
('2018-07-18', '16:00:00', '17:30:00', 6, '84062618311'),
('2018-07-18', '17:00:00', '17:30:00', 1, '98010881962'),
('2018-07-18', '19:00:00', '21:30:00', 14, '93030113251'),
('2018-07-18', '20:30:00', '22:30:00', 15, '76021661410'),
('2018-07-19', '19:30:00', '20:20:00', 19, '90120447577'),
('2018-07-19', '19:00:00', '20:00:00', 11, '87062750948'),
('2018-07-19', '16:00:00', '18:30:00', 14, '86052090714'),
('2018-07-19', '18:45:00', '19:30:00', 8, '92101975525'),
('2018-07-19', '16:00:00', '17:15:00', 22, '98010996356'),
('2018-07-19', '18:45:00', '21:15:00', 14, '83040314845'),
('2018-07-19', '16:00:00', '17:15:00', 22, '74090680952'),
('2018-07-19', '20:00:00', '22:30:00', 14, '93111772717'),
('2018-07-19', '16:00:00', '16:45:00', 16, '94112589931'),
('2018-07-19', '20:30:00', '21:15:00', 17, '67101888089'),
('2018-07-20', '19:00:00', '19:45:00', 5, '75020256913'),
('2018-07-20', '20:00:00', '20:30:00', 1, '84111592168'),
('2018-07-20', '20:00:00', '22:30:00', 14, '78033117532'),
('2018-07-20', '20:00:00', '20:45:00', 13, '92112377396'),
('2018-07-20', '16:30:00', '17:15:00', 8, '85030615390'),
('2018-07-20', '20:30:00', '21:15:00', 3, '97080131708'),
('2018-07-20', '20:00:00', '22:00:00', 15, '74091264258'),
('2018-07-20', '20:00:00', '22:00:00', 9, '83030713018'),
('2018-07-20', '19:45:00', '21:15:00', 20, '75111867316'),
('2018-07-20', '17:00:00', '17:45:00', 17, '64061372360'),
('2018-07-20', '20:00:00', '20:45:00', 13, '89061122722'),
('2018-07-20', '17:15:00', '18:00:00', 25, '74090680952'),
('2018-07-20', '20:30:00', '21:45:00', 22, '74091264258'),
('2018-07-20', '18:45:00', '19:30:00', 25, '98010881962'),
('2018-07-21', '16:15:00', '17:15:00', 26, '82011292429'),
('2018-07-21', '19:00:00', '20:10:00', 23, '79052162464'),
('2018-07-21', '16:30:00', '17:30:00', 24, '94112589931'),
('2018-07-21', '20:00:00', '22:00:00', 15, '68010634532'),
('2018-07-21', '20:00:00', '20:45:00', 3, '81071092233'),
('2018-07-21', '16:00:00', '17:15:00', 22, '85081541903'),
('2018-07-21', '18:45:00', '20:15:00', 2, '78033117532'),
('2018-07-21', '16:00:00', '17:00:00', 26, '86012615683'),
('2018-07-21', '16:00:00', '18:00:00', 15, '91103111832'),
('2018-07-21', '16:00:00', '17:30:00', 2, '99121573571'),
('2018-07-21', '16:00:00', '17:30:00', 20, '82092143609'),
('2018-07-21', '18:45:00', '19:30:00', 8, '76012093493'),
('2018-07-21', '17:00:00', '17:50:00', 19, '89051965791'),
('2018-07-21', '20:30:00', '23:00:00', 14, '73102055173'),
('2018-07-21', '19:30:00', '21:00:00', 7, '78102259510'),
('2018-07-22', '19:30:00', '21:00:00', 20, '75020256913'),
('2018-07-22', '18:45:00', '21:15:00', 14, '89073075463'),
('2018-07-22', '17:00:00', '18:00:00', 24, '75111867316'),
('2018-07-22', '18:45:00', '19:45:00', 18, '92041895143'),
('2018-07-22', '16:30:00', '17:30:00', 7, '82011292429'),
('2018-07-22', '19:30:00', '20:15:00', 13, '95110862679'),
('2018-07-22', '16:30:00', '18:00:00', 2, '86112727558'),
('2018-07-22', '18:00:00', '19:00:00', 24, '93030113251'),
('2018-07-22', '20:00:00', '21:00:00', 11, '70021574202'),
('2018-07-22', '18:45:00', '19:30:00', 25, '92121746006'),
('2018-07-22', '20:30:00', '21:15:00', 25, '86030715967'),
('2018-07-22', '17:00:00', '17:45:00', 17, '90071048687'),
('2018-07-22', '20:30:00', '23:00:00', 14, '96041655459'),
('2018-07-22', '16:00:00', '16:45:00', 8, '82031633910'),
('2018-07-22', '20:30:00', '21:15:00', 3, '72092076469'),
('2018-07-22', '19:30:00', '20:20:00', 19, '98010996356'),
('2018-07-22', '17:00:00', '18:00:00', 5, '90050968982'),
('2018-07-22', '16:00:00', '16:45:00', 17, '01301144688'),
('2018-07-22', '16:00:00', '17:30:00', 6, '99121824301'),
('2018-07-22', '20:30:00', '23:00:00', 14, '97052873850'),
('2018-07-23', '20:00:00', '21:00:00', 24, '80112885740'),
('2018-07-23', '18:45:00', '19:35:00', 19, '84080569574'),
('2018-07-23', '16:30:00', '17:15:00', 17, '85040186862'),
('2018-07-23', '20:30:00', '23:00:00', 14, '90081986803'),
('2018-07-23', '16:15:00', '18:45:00', 14, '91103111832'),
('2018-07-23', '17:00:00', '18:30:00', 20, '86061622153'),
('2018-07-23', '20:00:00', '21:30:00', 20, '99121573571'),
('2018-07-23', '19:00:00', '21:30:00', 14, '93111321638'),
('2018-07-23', '16:30:00', '17:15:00', 25, '85081541903'),
('2018-07-23', '16:30:00', '17:15:00', 5, '68010634532'),
('2018-07-23', '16:00:00', '17:30:00', 6, '75020256913'),
('2018-07-23', '16:00:00', '17:15:00', 22, '73050978537'),
('2018-07-23', '16:00:00', '18:00:00', 15, '80111769711'),
('2018-07-23', '19:00:00', '20:00:00', 4, '85040186862'),
('2018-07-23', '19:00:00', '20:30:00', 20, '71111293212'),
('2018-07-23', '18:00:00', '20:00:00', 15, '71070846711'),
('2018-07-24', '20:30:00', '21:15:00', 3, '87121181946'),
('2018-07-24', '20:00:00', '21:10:00', 23, '85022769263'),
('2018-07-24', '16:30:00', '17:30:00', 24, '66022017983'),
('2018-07-24', '17:00:00', '17:45:00', 17, '94100739689'),
('2018-07-24', '16:00:00', '16:45:00', 3, '79052922062'),
('2018-07-24', '20:00:00', '20:45:00', 25, '80063050611'),
('2018-07-24', '20:00:00', '22:00:00', 9, '01230712857'),
('2018-07-24', '19:00:00', '19:45:00', 25, '77070796384'),
('2018-07-24', '19:00:00', '21:00:00', 12, '96091727423'),
('2018-07-24', '20:00:00', '22:30:00', 14, '76021661410'),
('2018-07-25', '19:00:00', '20:00:00', 21, '97062640145'),
('2018-07-25', '20:30:00', '22:30:00', 12, '92041895143'),
('2018-07-25', '19:00:00', '20:30:00', 20, '94032111339'),
('2018-07-25', '20:30:00', '22:30:00', 15, '94110383957'),
('2018-07-25', '21:00:00', '21:45:00', 25, '83020982950'),
('2018-07-25', '20:00:00', '21:00:00', 26, '90071262308'),
('2018-07-25', '18:45:00', '20:15:00', 2, '83040232798'),
('2018-07-25', '19:30:00', '22:00:00', 14, '71070846711'),
('2018-07-25', '20:30:00', '22:00:00', 20, '98010996356'),
('2018-07-25', '19:30:00', '20:15:00', 25, '92112377396'),
('2018-07-25', '16:30:00', '17:15:00', 8, '87062086333'),
('2018-07-25', '16:00:00', '17:00:00', 21, '73102055173'),
('2018-07-25', '20:00:00', '21:00:00', 4, '82092387166'),
('2018-07-25', '18:45:00', '19:45:00', 21, '92110661765'),
('2018-07-25', '20:00:00', '21:00:00', 4, '90071048687'),
('2018-07-25', '17:15:00', '18:15:00', 11, '70021574202'),
('2018-07-26', '16:15:00', '17:45:00', 6, '68010634532'),
('2018-07-26', '19:00:00', '19:45:00', 16, '87062750948'),
('2018-07-26', '18:45:00', '21:15:00', 14, '00252960031'),
('2018-07-26', '01:45:00', '02:35:00', 19, '94112589931'),
('2018-07-26', '19:30:00', '21:00:00', 20, '96081099358'),
('2018-07-26', '16:00:00', '17:00:00', 26, '77021449064'),
('2018-07-26', '19:00:00', '21:00:00', 15, '78102259510'),
('2018-07-27', '19:00:00', '21:00:00', 15, '95110862679'),
('2018-07-27', '19:30:00', '20:30:00', 24, '96091727423'),
('2018-07-27', '17:15:00', '17:45:00', 1, '90011047109'),
('2018-07-27', '16:30:00', '18:00:00', 20, '80032927955'),
('2018-07-27', '19:30:00', '21:30:00', 15, '92101975525'),
('2018-07-27', '18:45:00', '19:45:00', 21, '96050556875'),
('2018-07-27', '20:00:00', '20:45:00', 17, '80052442601'),
('2018-07-27', '17:00:00', '17:45:00', 25, '86052090714'),
('2018-07-27', '16:30:00', '17:30:00', 11, '83020982950'),
('2018-07-28', '20:00:00', '21:00:00', 11, '63030872779'),
('2018-07-28', '18:45:00', '20:15:00', 7, '94100739689'),
('2018-07-28', '16:00:00', '16:45:00', 8, '81041832832'),
('2018-07-28', '19:30:00', '20:15:00', 25, '83071577958'),
('2018-07-28', '20:30:00', '21:30:00', 5, '80121119944'),
('2018-07-28', '20:30:00', '21:30:00', 21, '92121746006'),
('2018-07-28', '20:00:00', '22:00:00', 15, '83122155515'),
('2018-07-28', '16:00:00', '17:30:00', 20, '99012153756'),
('2018-07-28', '20:30:00', '21:15:00', 3, '86021379938'),
('2018-07-28', '19:00:00', '19:45:00', 17, '85061849221'),
('2018-07-28', '19:00:00', '19:45:00', 13, '77022270175'),
('2018-07-28', '18:45:00', '19:30:00', 25, '80052785782'),
('2018-07-28', '16:00:00', '17:00:00', 21, '83070774646'),
('2018-07-28', '20:00:00', '20:45:00', 8, '90071048687'),
('2018-07-28', '19:00:00', '21:30:00', 14, '90011047109'),
('2018-07-28', '17:00:00', '17:45:00', 5, '80063050611'),
('2018-07-28', '18:45:00', '19:45:00', 10, '97080131708'),
('2018-07-29', '16:00:00', '16:45:00', 16, '92101975525'),
('2018-07-29', '16:00:00', '18:00:00', 15, '89052322441'),
('2018-07-29', '20:00:00', '20:30:00', 1, '65081474702'),
('2018-07-29', '20:00:00', '20:45:00', 13, '78061949367'),
('2018-07-29', '17:30:00', '18:30:00', 11, '70080914919'),
('2018-07-29', '20:00:00', '22:00:00', 15, '89011284779'),
('2018-07-29', '20:00:00', '21:00:00', 11, '96050556875'),
('2018-07-29', '18:45:00', '19:30:00', 8, '90071262308'),
('2018-07-29', '20:00:00', '20:30:00', 1, '97081619346'),
('2018-07-30', '20:00:00', '21:30:00', 20, '92090866233'),
('2018-07-30', '17:00:00', '19:30:00', 14, '92041895143'),
('2018-07-30', '19:30:00', '20:45:00', 22, '84111592168'),
('2018-07-30', '19:30:00', '21:00:00', 7, '01303192726'),
('2018-07-30', '20:30:00', '21:30:00', 11, '85040186862'),
('2018-07-30', '17:15:00', '18:45:00', 6, '74090680952'),
('2018-07-30', '18:45:00', '21:15:00', 14, '82053154042'),
('2018-07-30', '20:00:00', '21:00:00', 11, '80032927955'),
('2018-07-30', '20:00:00', '21:30:00', 2, '71070846711'),
('2018-07-30', '17:00:00', '18:00:00', 7, '79052922062'),
('2018-07-30', '18:45:00', '20:45:00', 15, '94110383957'),
('2018-07-31', '20:30:00', '21:30:00', 11, '88041490754'),
('2018-07-31', '19:45:00', '21:15:00', 6, '73033059121'),
('2018-07-31', '16:00:00', '17:15:00', 22, '93102278884'),
('2018-07-31', '20:00:00', '21:00:00', 21, '89073075463'),
('2018-07-31', '17:00:00', '19:30:00', 14, '69072710172'),
('2018-08-01', '20:30:00', '22:30:00', 9, '99012153756'),
('2018-08-01', '20:00:00', '21:00:00', 26, '82111668069'),
('2018-08-01', '19:30:00', '20:20:00', 19, '86021379938'),
('2018-08-01', '19:30:00', '21:00:00', 6, '74060969953'),
('2018-08-01', '16:00:00', '17:00:00', 7, '98061785789'),
('2018-08-01', '20:00:00', '22:00:00', 9, '00312447739'),
('2018-08-01', '19:00:00', '20:30:00', 2, '76021661410'),
('2018-08-02', '20:00:00', '21:30:00', 6, '97080131708'),
('2018-08-02', '16:30:00', '19:00:00', 14, '81041832832'),
('2018-08-02', '17:00:00', '18:00:00', 21, '70080914919'),
('2018-08-02', '20:00:00', '21:30:00', 2, '81071092233'),
('2018-08-02', '16:00:00', '16:45:00', 13, '82011292429'),
('2018-08-02', '19:30:00', '20:15:00', 16, '80082936525'),
('2018-08-02', '20:00:00', '22:00:00', 15, '79052922062'),
('2018-08-02', '18:45:00', '20:15:00', 6, '84062618311'),
('2018-08-02', '19:00:00', '20:30:00', 20, '88032884997'),
('2018-08-02', '16:15:00', '18:15:00', 15, '73042042642'),
('2018-08-02', '16:00:00', '17:30:00', 6, '95013062448'),
('2018-08-02', '19:00:00', '19:50:00', 19, '89110296013'),
('2018-08-02', '17:00:00', '18:30:00', 6, '92041895143'),
('2018-08-02', '20:30:00', '21:15:00', 16, '72092468930'),
('2018-08-02', '16:00:00', '17:00:00', 7, '84061632305'),
('2018-08-02', '16:15:00', '18:15:00', 15, '82111668069'),
('2018-08-03', '19:30:00', '20:15:00', 16, '89021968180'),
('2018-08-03', '18:45:00', '20:15:00', 6, '90011047109'),
('2018-08-03', '20:30:00', '22:30:00', 9, '93030113251'),
('2018-08-03', '16:00:00', '17:30:00', 2, '86052090714'),
('2018-08-03', '19:45:00', '21:15:00', 2, '81120464998'),
('2018-08-03', '20:30:00', '22:30:00', 9, '80121119944'),
('2018-08-03', '19:00:00', '19:45:00', 16, '77102111394'),
('2018-08-03', '20:00:00', '20:50:00', 19, '63030872779'),
('2018-08-03', '19:30:00', '21:30:00', 12, '86052090714'),
('2018-08-03', '20:00:00', '21:00:00', 4, '74051070044'),
('2018-08-04', '20:30:00', '21:30:00', 26, '90011047109'),
('2018-08-04', '17:00:00', '18:00:00', 21, '83061750156'),
('2018-08-04', '19:00:00', '19:30:00', 1, '88032151088'),
('2018-08-04', '17:15:00', '18:15:00', 21, '89052322441'),
('2018-08-04', '19:30:00', '22:00:00', 14, '75111867316'),
('2018-08-04', '20:00:00', '20:45:00', 17, '67101888089'),
('2018-08-04', '17:00:00', '19:00:00', 15, '83071577958'),
('2018-08-04', '20:30:00', '23:00:00', 14, '72092468930'),
('2018-08-04', '18:45:00', '19:30:00', 3, '94100739689'),
('2018-08-04', '16:00:00', '17:00:00', 18, '91022421942'),
('2018-08-04', '16:30:00', '17:30:00', 10, '85061169747'),
('2018-08-04', '19:00:00', '21:30:00', 14, '99012153756'),
('2018-08-05', '18:45:00', '19:45:00', 7, '01291479054'),
('2018-08-05', '16:00:00', '17:30:00', 6, '89073075463'),
('2018-08-05', '20:00:00', '21:30:00', 2, '86021379938'),
('2018-08-05', '16:00:00', '16:45:00', 25, '79041379857'),
('2018-08-05', '16:00:00', '17:00:00', 5, '92052540982'),
('2018-08-05', '17:15:00', '18:15:00', 5, '73050978537'),
('2018-08-05', '16:15:00', '17:00:00', 13, '86030715967'),
('2018-08-05', '20:15:00', '22:15:00', 12, '00312447739'),
('2018-08-05', '19:30:00', '21:30:00', 15, '71111293212'),
('2018-08-05', '20:30:00', '21:30:00', 5, '81030746177'),
('2018-08-06', '20:00:00', '20:45:00', 13, '78102259510'),
('2018-08-06', '19:00:00', '19:50:00', 19, '01230712857'),
('2018-08-06', '19:45:00', '22:15:00', 14, '77022270175'),
('2018-08-06', '20:00:00', '22:00:00', 9, '62011052982'),
('2018-08-06', '20:00:00', '22:30:00', 14, '90071048687'),
('2018-08-06', '17:00:00', '19:00:00', 15, '76082244612'),
('2018-08-06', '19:45:00', '20:45:00', 26, '72092076469'),
('2018-08-06', '16:30:00', '17:30:00', 21, '80052442601'),
('2018-08-06', '17:15:00', '18:05:00', 19, '01291479054'),
('2018-08-06', '20:00:00', '20:45:00', 13, '74090680952'),
('2018-08-06', '20:00:00', '21:30:00', 7, '92110661765'),
('2018-08-06', '16:00:00', '17:00:00', 24, '93111772717'),
('2018-08-06', '19:00:00', '20:00:00', 7, '87121181946'),
('2018-08-06', '16:00:00', '16:45:00', 13, '84062618311'),
('2018-08-06', '19:00:00', '21:00:00', 15, '83020982950'),
('2018-08-06', '18:45:00', '19:45:00', 26, '90011047109'),
('2018-08-06', '16:00:00', '17:30:00', 2, '71070846711'),
('2018-08-06', '20:00:00', '21:00:00', 21, '87121110791'),
('2018-08-06', '16:15:00', '17:45:00', 6, '82092387166'),
('2018-08-07', '17:00:00', '18:30:00', 20, '78033117532'),
('2018-08-07', '16:00:00', '18:00:00', 9, '90050968982'),
('2018-08-07', '20:00:00', '20:45:00', 16, '94110383957'),
('2018-08-07', '20:00:00', '21:30:00', 6, '98010881962'),
('2018-08-07', '20:30:00', '23:00:00', 14, '91103111832'),
('2018-08-07', '20:00:00', '21:00:00', 11, '86052090714'),
('2018-08-07', '16:00:00', '17:00:00', 21, '78061949367'),
('2018-08-07', '16:30:00', '17:45:00', 22, '80052442601'),
('2018-08-07', '16:00:00', '17:30:00', 20, '99121573571'),
('2018-08-07', '19:30:00', '20:15:00', 16, '86061622153'),
('2018-08-07', '17:00:00', '19:00:00', 15, '76012093493'),
('2018-08-07', '20:00:00', '21:30:00', 6, '90120447577'),
('2018-08-08', '17:15:00', '17:45:00', 1, '98072258726'),
('2018-08-08', '17:00:00', '18:00:00', 26, '98010881962'),
('2018-08-08', '19:00:00', '21:00:00', 15, '88041490754'),
('2018-08-08', '16:00:00', '17:00:00', 5, '83020982950'),
('2018-08-08', '19:30:00', '21:00:00', 2, '92112377396'),
('2018-08-08', '17:00:00', '18:30:00', 2, '71111293212'),
('2018-08-08', '20:00:00', '20:50:00', 19, '89072858597'),
('2018-08-08', '19:00:00', '20:30:00', 6, '94082877603'),
('2018-08-08', '19:45:00', '20:45:00', 11, '93081880566'),
('2018-08-08', '19:45:00', '21:45:00', 12, '86012615683'),
('2018-08-08', '16:15:00', '17:45:00', 20, '81072675910'),
('2018-08-08', '18:45:00', '20:15:00', 20, '73050978537'),
('2018-08-08', '20:30:00', '21:15:00', 3, '66022017983'),
('2018-08-08', '20:30:00', '21:30:00', 26, '90071048687'),
('2018-08-09', '19:00:00', '21:00:00', 15, '86021379938'),
('2018-08-09', '20:30:00', '21:15:00', 17, '83040314845'),
('2018-08-09', '16:00:00', '17:30:00', 20, '99121573571'),
('2018-08-09', '18:45:00', '19:45:00', 5, '75040642244'),
('2018-08-09', '18:45:00', '20:15:00', 20, '94082877603'),
('2018-08-09', '20:00:00', '21:00:00', 24, '90100532222'),
('2018-08-09', '20:00:00', '22:00:00', 9, '91091521428'),
('2018-08-09', '16:00:00', '18:00:00', 15, '84080569574'),
('2018-08-09', '16:00:00', '17:15:00', 22, '00312447739'),
('2018-08-09', '20:00:00', '20:45:00', 16, '95110862679'),
('2018-08-10', '16:00:00', '18:00:00', 12, '83040314845'),
('2018-08-10', '17:15:00', '18:45:00', 6, '91091314554'),
('2018-08-10', '17:00:00', '18:00:00', 26, '82111668069'),
('2018-08-10', '20:30:00', '21:20:00', 19, '84080569574'),
('2018-08-10', '19:45:00', '21:15:00', 20, '97062640145'),
('2018-08-10', '19:00:00', '20:10:00', 23, '96121059001'),
('2018-08-10', '19:00:00', '21:30:00', 14, '89011284779'),
('2018-08-10', '18:45:00', '19:45:00', 24, '97081619346'),
('2018-08-10', '20:30:00', '21:45:00', 22, '93111321638'),
('2018-08-11', '20:00:00', '22:00:00', 15, '83041762623'),
('2018-08-11', '17:15:00', '18:45:00', 6, '91091521428'),
('2018-08-11', '16:00:00', '16:50:00', 19, '83040232798'),
('2018-08-11', '19:00:00', '19:45:00', 5, '86012615683'),
('2018-08-11', '16:00:00', '17:00:00', 5, '91052873780'),
('2018-08-11', '19:00:00', '20:00:00', 11, '91122080296'),
('2018-08-11', '20:00:00', '22:00:00', 15, '96091727423'),
('2018-08-11', '20:00:00', '21:00:00', 4, '83040314845'),
('2018-08-11', '20:00:00', '21:00:00', 4, '01301144688'),
('2018-08-11', '17:00:00', '18:30:00', 20, '85030615390'),
('2018-08-11', '19:00:00', '20:30:00', 20, '96082456169'),
('2018-08-11', '18:45:00', '19:30:00', 25, '60042129602'),
('2018-08-11', '17:00:00', '17:45:00', 8, '92121746006'),
('2018-08-12', '20:00:00', '20:45:00', 3, '79052922062'),
('2018-08-12', '20:00:00', '22:00:00', 15, '71070846711'),
('2018-08-12', '19:45:00', '21:45:00', 9, '75020256913'),
('2018-08-12', '17:15:00', '18:45:00', 6, '81072675910'),
('2018-08-12', '16:00:00', '18:00:00', 15, '96041655459'),
('2018-08-12', '16:30:00', '17:40:00', 23, '99121824301'),
('2018-08-12', '17:00:00', '17:30:00', 1, '96082456169'),
('2018-08-12', '20:15:00', '21:45:00', 6, '73102055173'),
('2018-08-12', '20:30:00', '21:15:00', 3, '81030746177'),
('2018-08-12', '20:30:00', '21:30:00', 5, '64061372360'),
('2018-08-12', '16:00:00', '16:45:00', 13, '84080569574'),
('2018-08-12', '18:45:00', '19:30:00', 13, '83030713018'),
('2018-08-12', '18:45:00', '19:45:00', 21, '72092076469'),
('2018-08-13', '20:00:00', '20:50:00', 19, '80032927955'),
('2018-08-13', '20:00:00', '20:45:00', 16, '88032151088'),
('2018-08-13', '17:30:00', '18:30:00', 7, '82053154042'),
('2018-08-13', '16:15:00', '17:45:00', 20, '85061849221'),
('2018-08-13', '17:30:00', '19:30:00', 15, '74091264258'),
('2018-08-13', '20:00:00', '21:00:00', 11, '75071778477'),
('2018-08-13', '17:00:00', '18:30:00', 6, '94112589931'),
('2018-08-13', '19:00:00', '20:00:00', 21, '92041895143'),
('2018-08-13', '16:00:00', '18:00:00', 12, '89110296013'),
('2018-08-13', '19:45:00', '21:45:00', 12, '84061632305'),
('2018-08-13', '17:15:00', '18:15:00', 26, '01303192726'),
('2018-08-13', '19:30:00', '20:15:00', 16, '82121356705'),
('2018-08-13', '19:00:00', '19:45:00', 16, '92090866233'),
('2018-08-13', '20:30:00', '22:00:00', 6, '89051965791'),
('2018-08-13', '16:00:00', '16:45:00', 13, '69072710172'),
('2018-08-13', '20:15:00', '22:15:00', 15, '93111772717'),
('2018-08-13', '19:00:00', '20:30:00', 20, '71070846711'),
('2018-08-13', '16:00:00', '17:00:00', 21, '96091727423'),
('2018-08-14', '20:30:00', '21:15:00', 5, '84080419800'),
('2018-08-14', '18:45:00', '19:30:00', 3, '74051070044'),
('2018-08-14', '19:00:00', '19:45:00', 16, '87042098442'),
('2018-08-14', '20:30:00', '21:30:00', 10, '65081474702'),
('2018-08-14', '19:30:00', '20:15:00', 8, '67101888089'),
('2018-08-14', '19:00:00', '20:00:00', 26, '93102278884'),
('2018-08-14', '19:45:00', '20:30:00', 8, '95013062448'),
('2018-08-14', '16:00:00', '16:45:00', 8, '90071048687'),
('2018-08-14', '08:45:00', '09:35:00', 19, '93111772717'),
('2018-08-14', '16:30:00', '17:45:00', 22, '93081880566'),
('2018-08-14', '19:00:00', '20:00:00', 26, '88020643885'),
('2018-08-14', '19:45:00', '21:00:00', 22, '99121824301'),
('2018-08-14', '20:00:00', '22:30:00', 14, '93111321638'),
('2018-08-14', '20:30:00', '21:15:00', 3, '80121119944'),
('2018-08-15', '16:00:00', '17:00:00', 24, '87090865078'),
('2018-08-15', '16:00:00', '16:45:00', 17, '82121356705'),
('2018-08-15', '16:00:00', '16:45:00', 16, '97062640145'),
('2018-08-15', '20:00:00', '21:00:00', 7, '85022769263'),
('2018-08-15', '19:30:00', '21:30:00', 15, '88041889574'),
('2018-08-15', '16:30:00', '19:00:00', 14, '83122155515'),
('2018-08-15', '17:00:00', '18:00:00', 26, '98061785789'),
('2018-08-15', '19:30:00', '20:30:00', 24, '89073075463'),
('2018-08-15', '16:00:00', '18:30:00', 14, '83071577958'),
('2018-08-15', '19:45:00', '22:15:00', 14, '79051566610'),
('2018-08-15', '17:00:00', '17:45:00', 5, '80052785782'),
('2018-08-16', '19:00:00', '20:15:00', 22, '99012153756'),
('2018-08-16', '20:00:00', '21:15:00', 22, '95122362499'),
('2018-08-16', '19:00:00', '20:00:00', 4, '91022421942'),
('2018-08-16', '15:45:00', '17:15:00', 20, '00220396736'),
('2018-08-16', '16:15:00', '17:45:00', 6, '88041889574'),
('2018-08-16', '20:00:00', '20:45:00', 13, '91050832765'),
('2018-08-16', '19:30:00', '20:15:00', 16, '94100739689'),
('2018-08-16', '17:00:00', '18:00:00', 26, '90071048687'),
('2018-08-17', '17:00:00', '18:15:00', 22, '80121119944'),
('2018-08-17', '19:30:00', '21:00:00', 20, '96081099358'),
('2018-08-17', '20:30:00', '21:45:00', 22, '65081474702'),
('2018-08-17', '16:00:00', '17:10:00', 23, '97061261282'),
('2018-08-17', '17:00:00', '19:00:00', 12, '87062750948'),
('2018-08-17', '18:00:00', '20:30:00', 14, '97062640145'),
('2018-08-17', '16:00:00', '16:45:00', 17, '99121824301'),
('2018-08-17', '20:00:00', '20:45:00', 16, '85080910544'),
('2018-08-17', '19:30:00', '20:30:00', 4, '85040186862'),
('2018-08-17', '20:00:00', '21:15:00', 22, '96041655459'),
('2018-08-18', '20:00:00', '21:30:00', 6, '94100739689'),
('2018-08-18', '20:00:00', '21:00:00', 7, '82092387166'),
('2018-08-18', '20:00:00', '21:30:00', 6, '76012093493'),
('2018-08-18', '16:00:00', '17:30:00', 6, '96121059001'),
('2018-08-18', '18:45:00', '19:30:00', 25, '96041655459'),
('2018-08-18', '17:00:00', '19:00:00', 15, '87090865078'),
('2018-08-18', '20:00:00', '21:10:00', 23, '82111668069'),
('2018-08-18', '16:15:00', '17:45:00', 2, '77022270175'),
('2018-08-18', '20:30:00', '23:00:00', 14, '82053154042'),
('2018-08-18', '20:00:00', '21:00:00', 21, '75020256913'),
('2018-08-18', '17:15:00', '18:00:00', 17, '74051070044'),
('2018-08-18', '18:00:00', '19:00:00', 4, '83041762623'),
('2018-08-18', '19:00:00', '20:00:00', 7, '94112589931'),
('2018-08-18', '20:00:00', '22:00:00', 9, '60042129602'),
('2018-08-19', '16:00:00', '17:00:00', 5, '83041762623'),
('2018-08-19', '19:00:00', '19:45:00', 17, '79052922062'),
('2018-08-19', '19:00:00', '21:30:00', 14, '89072858597'),
('2018-08-19', '18:45:00', '19:45:00', 24, '00252960031'),
('2018-08-19', '16:00:00', '18:00:00', 15, '89110296013'),
('2018-08-19', '19:00:00', '19:45:00', 13, '64061372360'),
('2018-08-19', '20:00:00', '21:00:00', 26, '91080777867'),
('2018-08-19', '20:00:00', '21:00:00', 18, '87042098442'),
('2018-08-19', '16:15:00', '17:30:00', 22, '94032111339'),
('2018-08-19', '19:45:00', '21:45:00', 9, '62011052982'),
('2018-08-19', '19:30:00', '22:00:00', 14, '73050978537'),
('2018-08-19', '20:00:00', '20:50:00', 19, '86112727558'),
('2018-08-20', '16:00:00', '17:00:00', 21, '88041490754'),
('2018-08-20', '19:00:00', '19:45:00', 3, '70021574202'),
('2018-08-20', '20:30:00', '21:30:00', 10, '79052922062'),
('2018-08-20', '20:15:00', '22:15:00', 15, '87090865078'),
('2018-08-20', '18:45:00', '19:45:00', 24, '75111867316'),
('2018-08-20', '17:15:00', '18:00:00', 8, '83122155515'),
('2018-08-20', '18:00:00', '19:30:00', 20, '83040232798'),
('2018-08-20', '20:00:00', '21:15:00', 22, '84080569574'),
('2018-08-20', '20:30:00', '21:15:00', 16, '86021379938'),
('2018-08-20', '19:00:00', '21:00:00', 12, '83030713018'),
('2018-08-21', '20:15:00', '21:25:00', 23, '91052873780'),
('2018-08-21', '18:45:00', '21:15:00', 14, '61120859464'),
('2018-08-21', '20:00:00', '22:00:00', 9, '89073075463'),
('2018-08-21', '17:15:00', '19:45:00', 14, '88060633398'),
('2018-08-21', '20:00:00', '21:30:00', 20, '88032884997'),
('2018-08-21', '19:00:00', '20:30:00', 6, '80121119944'),
('2018-08-21', '16:00:00', '18:30:00', 14, '87090865078'),
('2018-08-22', '18:45:00', '19:35:00', 19, '97052873850'),
('2018-08-22', '17:00:00', '18:00:00', 21, '98052514170'),
('2018-08-22', '19:30:00', '20:15:00', 25, '94100739689'),
('2018-08-22', '19:00:00', '19:45:00', 16, '86021379938'),
('2018-08-22', '19:00:00', '20:00:00', 21, '81111358204'),
('2018-08-22', '20:00:00', '22:30:00', 14, '88032151088'),
('2018-08-22', '19:00:00', '20:10:00', 23, '97081619346'),
('2018-08-22', '20:00:00', '21:00:00', 24, '87052520227'),
('2018-08-22', '17:00:00', '18:30:00', 7, '98010881962'),
('2018-08-22', '18:45:00', '19:35:00', 19, '01271948491'),
('2018-08-22', '19:00:00', '21:00:00', 12, '98052514170'),
('2018-08-22', '20:00:00', '20:45:00', 16, '92052540982'),
('2018-08-23', '17:00:00', '19:00:00', 9, '75020256913'),
('2018-08-23', '16:00:00', '16:45:00', 8, '74091264258'),
('2018-08-23', '16:00:00', '17:00:00', 11, '89052322441'),
('2018-08-23', '20:00:00', '21:00:00', 5, '92121746006'),
('2018-08-23', '20:00:00', '20:45:00', 16, '74060969953'),
('2018-08-23', '20:00:00', '22:30:00', 14, '90071594539'),
('2018-08-23', '19:30:00', '20:30:00', 4, '76071328228'),
('2018-08-23', '20:00:00', '21:10:00', 23, '82111668069'),
('2018-08-23', '18:45:00', '20:45:00', 9, '90071048687'),
('2018-08-23', '20:00:00', '21:15:00', 22, '01291479054'),
('2018-08-23', '19:00:00', '19:45:00', 3, '93102278884'),
('2018-08-24', '17:00:00', '18:30:00', 20, '77102111394'),
('2018-08-24', '20:00:00', '20:50:00', 19, '89051965791'),
('2018-08-24', '19:00:00', '21:00:00', 15, '91052873780'),
('2018-08-24', '20:00:00', '21:30:00', 2, '68010634532'),
('2018-08-24', '19:30:00', '20:15:00', 8, '92121746006'),
('2018-08-24', '20:00:00', '20:45:00', 25, '80082936525'),
('2018-08-24', '16:00:00', '17:00:00', 11, '76021661410'),
('2018-08-24', '20:00:00', '21:00:00', 24, '89021968180'),
('2018-08-24', '20:00:00', '21:00:00', 4, '83041762623'),
('2018-08-24', '19:00:00', '19:50:00', 19, '83020982950'),
('2018-08-24', '20:00:00', '21:15:00', 22, '92110661765'),
('2018-08-24', '20:30:00', '22:00:00', 6, '96081099358'),
('2018-08-24', '18:45:00', '20:15:00', 2, '99121573571'),
('2018-08-24', '19:00:00', '20:00:00', 21, '83040314845'),
('2018-08-25', '17:15:00', '18:45:00', 2, '88032884997'),
('2018-08-25', '19:00:00', '20:10:00', 23, '97080131708'),
('2018-08-25', '17:00:00', '17:45:00', 13, '72092468930'),
('2018-08-25', '18:45:00', '19:45:00', 21, '82091425966'),
('2018-08-25', '17:00:00', '19:00:00', 15, '99120927319'),
('2018-08-25', '18:45:00', '19:30:00', 25, '92050657479'),
('2018-08-25', '20:30:00', '23:00:00', 14, '92101975525'),
('2018-08-25', '16:00:00', '16:45:00', 25, '97081619346'),
('2018-08-25', '19:00:00', '20:00:00', 21, '77070796384'),
('2018-08-25', '19:30:00', '21:00:00', 20, '93081880566'),
('2018-08-25', '17:00:00', '19:00:00', 12, '80091255745'),
('2018-08-25', '20:30:00', '21:15:00', 17, '66022017983'),
('2018-08-25', '20:00:00', '22:00:00', 15, '84061632305'),
('2018-08-26', '18:45:00', '19:30:00', 3, '77070796384'),
('2018-08-26', '20:00:00', '21:00:00', 24, '81111358204'),
('2018-08-26', '04:45:00', '06:15:00', 6, '81123072981'),
('2018-08-26', '20:00:00', '22:30:00', 14, '89072858597'),
('2018-08-26', '16:00:00', '16:45:00', 25, '74091264258'),
('2018-08-26', '16:00:00', '16:45:00', 16, '84061632305'),
('2018-08-26', '21:00:00', '21:50:00', 19, '79051566610'),
('2018-08-26', '16:00:00', '18:30:00', 14, '99071947484'),
('2018-08-26', '16:00:00', '16:45:00', 16, '74090680952'),
('2018-08-26', '16:00:00', '17:00:00', 5, '77022270175'),
('2018-08-26', '16:00:00', '16:45:00', 16, '93111772717'),
('2018-08-26', '20:00:00', '20:45:00', 8, '01230712857'),
('2018-08-26', '19:00:00', '21:30:00', 14, '87090865078'),
('2018-08-26', '17:30:00', '18:30:00', 5, '61120859464'),
('2018-08-26', '19:00:00', '19:45:00', 8, '93102278884'),
('2018-08-26', '17:15:00', '18:15:00', 11, '82121356705'),
('2018-08-26', '20:30:00', '22:30:00', 9, '90050968982'),
('2018-08-26', '19:00:00', '19:50:00', 19, '83071577958'),
('2018-08-26', '20:30:00', '21:30:00', 10, '91050832765'),
('2018-08-27', '20:00:00', '22:00:00', 15, '84031414595'),
('2018-08-27', '20:00:00', '21:00:00', 11, '84111592168'),
('2018-08-27', '20:30:00', '21:45:00', 22, '69120818917'),
('2018-08-27', '16:00:00', '18:00:00', 12, '93111321638'),
('2018-08-27', '20:00:00', '21:00:00', 18, '93102278884'),
('2018-08-27', '20:30:00', '21:30:00', 24, '80112885740'),
('2018-08-27', '19:45:00', '21:00:00', 22, '79051566610'),
('2018-08-27', '20:30:00', '21:30:00', 5, '93081880566'),
('2018-08-27', '20:15:00', '21:45:00', 20, '71111293212'),
('2018-08-27', '20:00:00', '21:30:00', 2, '77022270175'),
('2018-08-27', '07:45:00', '08:45:00', 21, '01230712857'),
('2018-08-27', '17:00:00', '18:30:00', 6, '89110296013'),
('2018-08-27', '20:00:00', '21:30:00', 2, '89072858597'),
('2018-08-28', '19:30:00', '20:30:00', 26, '85081541903'),
('2018-08-28', '16:00:00', '17:00:00', 21, '97062640145'),
('2018-08-28', '20:15:00', '21:30:00', 22, '70021574202'),
('2018-08-28', '20:00:00', '21:15:00', 22, '87042098442'),
('2018-08-28', '17:00:00', '18:00:00', 7, '72092468930'),
('2018-08-28', '19:00:00', '20:00:00', 11, '89052322441'),
('2018-08-28', '18:00:00', '19:00:00', 7, '92010762609'),
('2018-08-28', '17:00:00', '18:30:00', 20, '91091314554'),
('2018-08-28', '16:00:00', '17:00:00', 21, '66022017983'),
('2018-08-28', '18:45:00', '20:45:00', 12, '94112589931'),
('2018-08-29', '16:15:00', '17:45:00', 2, '88032884997'),
('2018-08-29', '19:00:00', '21:00:00', 12, '93081880566'),
('2018-08-29', '18:45:00', '20:45:00', 15, '96042743290'),
('2018-08-29', '18:45:00', '19:45:00', 21, '75071778477'),
('2018-08-29', '20:00:00', '22:30:00', 14, '76012093493'),
('2018-08-29', '16:00:00', '17:00:00', 10, '99121824301'),
('2018-08-29', '17:00:00', '17:45:00', 16, '92112377396'),
('2018-08-29', '20:30:00', '21:45:00', 22, '95110862679'),
('2018-08-29', '20:30:00', '22:30:00', 12, '01271948491'),
('2018-08-29', '16:00:00', '16:45:00', 8, '61120859464'),
('2018-08-29', '17:00:00', '18:30:00', 6, '84031414595'),
('2018-08-29', '16:00:00', '18:30:00', 14, '92090866233'),
('2018-08-30', '16:00:00', '17:00:00', 10, '77070796384'),
('2018-08-30', '17:00:00', '19:30:00', 14, '82053154042'),
('2018-08-30', '19:30:00', '21:00:00', 2, '73102055173'),
('2018-08-30', '20:00:00', '22:00:00', 15, '73042042642'),
('2018-08-30', '20:15:00', '21:45:00', 20, '91091314554'),
('2018-08-30', '16:00:00', '17:30:00', 20, '69072710172'),
('2018-08-30', '20:00:00', '21:10:00', 23, '83040314845'),
('2018-08-30', '19:00:00', '20:30:00', 2, '73050978537'),
('2018-08-30', '12:45:00', '15:15:00', 14, '81061911438'),
('2018-08-31', '19:00:00', '20:30:00', 2, '82040646116'),
('2018-08-31', '19:30:00', '20:30:00', 24, '92050657479'),
('2018-08-31', '18:45:00', '19:55:00', 23, '93102278884'),
('2018-08-31', '20:00:00', '21:00:00', 5, '85022769263'),
('2018-08-31', '20:00:00', '20:45:00', 5, '94032111339'),
('2018-08-31', '20:00:00', '20:45:00', 25, '82031633910'),
('2018-08-31', '16:00:00', '16:45:00', 16, '99121573571'),
('2018-08-31', '18:45:00', '19:45:00', 26, '75040642244'),
('2018-08-31', '20:00:00', '21:30:00', 20, '91122080296'),
('2018-08-31', '20:30:00', '21:30:00', 4, '80052442601'),
('2018-08-31', '20:30:00', '21:15:00', 5, '85081541903'),
('2018-08-31', '16:30:00', '18:00:00', 20, '91052873780'),
('2018-08-31', '16:00:00', '18:00:00', 15, '01291479054'),
('2018-09-01', '19:00:00', '20:30:00', 20, '68010634532'),
('2018-09-01', '19:30:00', '21:00:00', 2, '69072710172'),
('2018-09-01', '16:00:00', '16:45:00', 5, '98010881962'),
('2018-09-01', '17:15:00', '18:15:00', 26, '80121119944'),
('2018-09-01', '19:00:00', '21:30:00', 14, '84032612756'),
('2018-09-01', '18:45:00', '20:15:00', 7, '99012153756'),
('2018-09-01', '18:00:00', '18:45:00', 25, '97062640145'),
('2018-09-01', '16:30:00', '17:15:00', 17, '79052162464'),
('2018-09-01', '18:45:00', '19:30:00', 8, '87090865078'),
('2018-09-01', '19:45:00', '21:45:00', 15, '86012615683'),
('2018-09-01', '16:00:00', '17:00:00', 24, '97061261282'),
('2018-09-01', '16:00:00', '17:15:00', 22, '81041832832'),
('2018-09-01', '18:45:00', '19:45:00', 11, '92121746006'),
('2018-09-01', '20:30:00', '23:00:00', 14, '76012093493'),
('2018-09-01', '19:00:00', '21:30:00', 14, '79052922062'),
('2018-09-01', '19:00:00', '20:30:00', 6, '79041379857'),
('2018-09-02', '18:45:00', '19:45:00', 26, '62011052982'),
('2018-09-02', '16:00:00', '16:45:00', 16, '95110862679'),
('2018-09-02', '20:00:00', '22:00:00', 12, '82040646116'),
('2018-09-02', '17:00:00', '18:30:00', 6, '79051566610'),
('2018-09-02', '19:00:00', '20:00:00', 10, '77070796384'),
('2018-09-02', '17:30:00', '19:00:00', 6, '96021654296'),
('2018-09-02', '20:00:00', '21:00:00', 4, '85040186862'),
('2018-09-02', '18:45:00', '21:15:00', 14, '69072710172'),
('2018-09-02', '17:15:00', '18:45:00', 20, '93030113251'),
('2018-09-02', '19:30:00', '20:15:00', 16, '96050556875'),
('2018-09-02', '20:30:00', '22:30:00', 15, '99120927319'),
('2018-09-02', '16:15:00', '17:30:00', 22, '88060633398'),
('2018-09-03', '20:00:00', '21:10:00', 23, '80091255745'),
('2018-09-03', '20:00:00', '20:45:00', 16, '94082877603'),
('2018-09-03', '19:00:00', '20:30:00', 20, '95091183893'),
('2018-09-03', '18:45:00', '19:30:00', 3, '92050657479'),
('2018-09-03', '20:30:00', '22:30:00', 9, '85022769263'),
('2018-09-03', '18:45:00', '20:45:00', 12, '72092468930'),
('2018-09-03', '20:00:00', '21:00:00', 11, '01271948491'),
('2018-09-03', '16:15:00', '17:00:00', 16, '00211486684'),
('2018-09-04', '19:00:00', '21:00:00', 9, '00252960031'),
('2018-09-04', '18:45:00', '20:15:00', 6, '84080569574'),
('2018-09-04', '20:30:00', '22:00:00', 6, '88032151088'),
('2018-09-04', '18:45:00', '19:15:00', 1, '89073075463'),
('2018-09-04', '20:00:00', '20:45:00', 16, '96091727423'),
('2018-09-04', '20:30:00', '23:00:00', 14, '78061949367'),
('2018-09-04', '16:00:00', '17:00:00', 24, '94100739689'),
('2018-09-04', '16:15:00', '17:15:00', 11, '80112885740'),
('2018-09-04', '17:15:00', '18:00:00', 5, '82111668069'),
('2018-09-04', '20:00:00', '20:45:00', 25, '86122554131'),
('2018-09-04', '20:00:00', '21:00:00', 26, '91022421942'),
('2018-09-04', '20:00:00', '22:30:00', 14, '85081541903'),
('2018-09-05', '19:00:00', '20:00:00', 26, '68091123462'),
('2018-09-05', '16:15:00', '17:00:00', 17, '98061785789'),
('2018-09-05', '17:15:00', '18:15:00', 24, '94110383957'),
('2018-09-05', '19:00:00', '21:30:00', 14, '00312447739'),
('2018-09-05', '17:30:00', '18:30:00', 21, '94082877603'),
('2018-09-05', '17:30:00', '20:00:00', 14, '89110296013'),
('2018-09-06', '20:00:00', '22:30:00', 14, '90050968982'),
('2018-09-06', '17:00:00', '19:30:00', 14, '91080777867'),
('2018-09-06', '19:00:00', '19:30:00', 1, '82121356705'),
('2018-09-06', '20:30:00', '22:30:00', 15, '88041490754'),
('2018-09-06', '14:45:00', '15:45:00', 21, '72092468930'),
('2018-09-06', '20:00:00', '22:00:00', 15, '89072858597'),
('2018-09-06', '16:00:00', '17:30:00', 20, '80052442601'),
('2018-09-06', '19:00:00', '20:30:00', 2, '73102055173'),
('2018-09-06', '17:15:00', '18:15:00', 18, '83041762623'),
('2018-09-06', '19:00:00', '21:00:00', 9, '92050657479'),
('2018-09-06', '17:30:00', '18:30:00', 4, '59121254845'),
('2018-09-07', '16:30:00', '19:00:00', 14, '83020982950'),
('2018-09-07', '17:00:00', '17:50:00', 19, '68010634532'),
('2018-09-07', '16:00:00', '17:10:00', 23, '00221216048'),
('2018-09-07', '18:45:00', '20:45:00', 9, '77102111394'),
('2018-09-07', '19:30:00', '21:30:00', 15, '78102259510'),
('2018-09-07', '16:00:00', '16:45:00', 13, '93102278884'),
('2018-09-08', '20:30:00', '21:15:00', 5, '78061949367'),
('2018-09-08', '16:00:00', '17:00:00', 24, '96042743290'),
('2018-09-08', '20:00:00', '21:30:00', 7, '94032111339'),
('2018-09-08', '19:00:00', '20:00:00', 4, '90081986803'),
('2018-09-08', '16:15:00', '17:00:00', 3, '80082936525'),
('2018-09-08', '19:00:00', '20:00:00', 7, '93111321638'),
('2018-09-08', '20:00:00', '21:30:00', 20, '01271948491'),
('2018-09-08', '19:45:00', '21:45:00', 15, '81120464998'),
('2018-09-08', '20:00:00', '21:00:00', 24, '91122080296'),
('2018-09-08', '19:30:00', '20:30:00', 24, '85061849221'),
('2018-09-08', '18:45:00', '19:30:00', 5, '64061372360'),
('2018-09-09', '17:00:00', '19:30:00', 14, '86061622153'),
('2018-09-09', '20:00:00', '21:00:00', 24, '84031414595'),
('2018-09-09', '20:00:00', '22:00:00', 15, '80112885740'),
('2018-09-09', '20:30:00', '21:45:00', 22, '63030872779'),
('2018-09-09', '17:15:00', '19:15:00', 9, '86112727558'),
('2018-09-09', '20:00:00', '22:30:00', 14, '71111293212'),
('2018-09-09', '16:15:00', '16:45:00', 1, '67101888089'),
('2018-09-09', '20:00:00', '20:45:00', 8, '74051070044'),
('2018-09-09', '20:30:00', '21:30:00', 7, '01271948491'),
('2018-09-09', '20:30:00', '21:30:00', 11, '88081454071'),
('2018-09-09', '20:00:00', '21:00:00', 11, '68091123462'),
('2018-09-09', '20:30:00', '22:30:00', 15, '80111769711'),
('2018-09-10', '19:30:00', '20:30:00', 21, '90100532222'),
('2018-09-10', '18:45:00', '20:45:00', 15, '77022270175'),
('2018-09-10', '20:30:00', '22:30:00', 12, '76021661410'),
('2018-09-10', '19:00:00', '19:45:00', 25, '69120818917'),
('2018-09-10', '18:00:00', '19:15:00', 22, '96081099358'),
('2018-09-10', '19:30:00', '21:30:00', 15, '75111867316'),
('2018-09-10', '17:00:00', '17:30:00', 1, '92010762609'),
('2018-09-10', '20:15:00', '21:00:00', 3, '80112885740'),
('2018-09-11', '19:00:00', '20:00:00', 7, '81072675910'),
('2018-09-11', '19:00:00', '19:45:00', 3, '82092143609'),
('2018-09-11', '16:00:00', '17:30:00', 6, '85081541903'),
('2018-09-11', '19:30:00', '20:20:00', 19, '87121110791'),
('2018-09-11', '20:00:00', '22:30:00', 14, '96082456169'),
('2018-09-11', '19:45:00', '20:45:00', 21, '01291479054'),
('2018-09-11', '19:00:00', '21:00:00', 15, '79041379857'),
('2018-09-11', '19:30:00', '22:00:00', 14, '83020982950'),
('2018-09-11', '16:30:00', '17:15:00', 16, '79052162464'),
('2018-09-11', '19:30:00', '21:30:00', 12, '86030715967');
INSERT INTO `rejestr_aktywnosci` (`Data`, `Godzina_rozp`, `Godzina_zak`, `ID_aktywnosci`, `PESEL`) VALUES
('2018-09-11', '19:30:00', '20:15:00', 13, '92052540982'),
('2018-09-11', '16:00:00', '18:30:00', 14, '87121110791'),
('2018-09-11', '18:45:00', '19:45:00', 11, '83071577958'),
('2018-09-11', '17:45:00', '19:15:00', 6, '00220396736'),
('2018-09-12', '16:00:00', '18:30:00', 14, '89051965791'),
('2018-09-12', '20:30:00', '21:30:00', 26, '77021449064'),
('2018-09-12', '19:00:00', '19:45:00', 16, '85030615390'),
('2018-09-12', '16:00:00', '18:00:00', 9, '70080914919'),
('2018-09-12', '20:00:00', '20:45:00', 8, '99071947484'),
('2018-09-12', '20:00:00', '21:00:00', 7, '81071092233'),
('2018-09-12', '20:00:00', '20:30:00', 1, '65081474702'),
('2018-09-12', '16:00:00', '18:00:00', 12, '94100739689'),
('2018-09-12', '19:00:00', '20:00:00', 26, '88032151088'),
('2018-09-12', '17:00:00', '17:45:00', 13, '00221216048'),
('2018-09-12', '20:30:00', '21:30:00', 26, '61120859464'),
('2018-09-13', '17:00:00', '19:00:00', 9, '95110862679'),
('2018-09-13', '19:00:00', '21:00:00', 9, '91050832765'),
('2018-09-13', '19:30:00', '20:30:00', 18, '73042042642'),
('2018-09-13', '19:00:00', '20:00:00', 21, '59121254845'),
('2018-09-13', '16:30:00', '17:15:00', 8, '94110383957'),
('2018-09-13', '16:00:00', '17:15:00', 22, '59121254845'),
('2018-09-13', '20:30:00', '22:30:00', 15, '89110296013'),
('2018-09-13', '18:45:00', '20:15:00', 20, '90120447577'),
('2018-09-13', '19:30:00', '20:15:00', 3, '96121059001'),
('2018-09-14', '20:00:00', '22:00:00', 15, '84062618311'),
('2018-09-14', '18:45:00', '19:30:00', 25, '78061949367'),
('2018-09-14', '19:00:00', '19:45:00', 8, '91091521428'),
('2018-09-14', '19:00:00', '21:00:00', 15, '86061622153'),
('2018-09-14', '19:00:00', '21:30:00', 14, '88032884997'),
('2018-09-14', '16:00:00', '17:00:00', 7, '98010996356'),
('2018-09-14', '18:45:00', '21:15:00', 14, '95110862679'),
('2018-09-14', '19:00:00', '20:30:00', 2, '75020256913'),
('2018-09-14', '20:00:00', '20:45:00', 16, '01271948491'),
('2018-09-14', '19:00:00', '21:30:00', 14, '76012093493'),
('2018-09-15', '20:00:00', '20:45:00', 25, '89011284779'),
('2018-09-15', '16:00:00', '17:00:00', 21, '92041895143'),
('2018-09-15', '20:00:00', '22:30:00', 14, '81123072981'),
('2018-09-15', '17:00:00', '17:45:00', 17, '88032151088'),
('2018-09-15', '16:00:00', '17:00:00', 4, '62011052982'),
('2018-09-15', '19:00:00', '20:00:00', 5, '90011047109'),
('2018-09-15', '16:00:00', '18:00:00', 9, '89072858597'),
('2018-09-16', '18:45:00', '19:45:00', 5, '92052540982'),
('2018-09-16', '16:30:00', '17:20:00', 19, '76012093493'),
('2018-09-16', '20:30:00', '21:15:00', 13, '89011284779'),
('2018-09-16', '16:30:00', '18:30:00', 12, '82053154042'),
('2018-09-16', '17:00:00', '19:30:00', 14, '80111769711'),
('2018-09-16', '16:15:00', '17:15:00', 24, '96091727423'),
('2018-09-16', '17:15:00', '18:15:00', 26, '65081474702'),
('2018-09-16', '17:00:00', '18:00:00', 11, '92121746006'),
('2018-09-16', '20:30:00', '21:30:00', 4, '82011292429'),
('2018-09-16', '19:00:00', '20:00:00', 4, '85061169747'),
('2018-09-17', '20:00:00', '20:45:00', 3, '80082936525'),
('2018-09-17', '16:00:00', '16:45:00', 3, '81123072981'),
('2018-09-17', '23:45:00', '01:00:00', 22, '91103111832'),
('2018-09-17', '20:15:00', '21:00:00', 13, '89051965791'),
('2018-09-17', '16:30:00', '18:30:00', 15, '86122554131'),
('2018-09-17', '16:30:00', '17:20:00', 19, '87121110791'),
('2018-09-17', '18:45:00', '19:45:00', 26, '92041895143'),
('2018-09-17', '20:00:00', '21:00:00', 7, '83040232798'),
('2018-09-17', '17:00:00', '18:00:00', 24, '96041655459'),
('2018-09-17', '16:00:00', '17:15:00', 22, '93111772717'),
('2018-09-18', '17:00:00', '18:00:00', 7, '80121119944'),
('2018-09-18', '20:00:00', '21:30:00', 20, '87121110791'),
('2018-09-18', '17:30:00', '19:30:00', 12, '96121059001'),
('2018-09-18', '20:00:00', '22:00:00', 9, '92101975525'),
('2018-09-18', '20:30:00', '21:15:00', 16, '62011052982'),
('2018-09-18', '17:15:00', '18:15:00', 24, '87052520227'),
('2018-09-18', '19:00:00', '21:00:00', 12, '91050832765'),
('2018-09-18', '16:00:00', '18:00:00', 15, '88032151088'),
('2018-09-18', '18:45:00', '19:45:00', 4, '85080910544'),
('2018-09-18', '19:45:00', '20:30:00', 17, '72092076469'),
('2018-09-18', '20:00:00', '21:00:00', 21, '75040642244'),
('2018-09-19', '05:45:00', '07:45:00', 15, '83071577958'),
('2018-09-19', '20:00:00', '21:00:00', 4, '84111592168'),
('2018-09-19', '20:00:00', '20:45:00', 3, '84061632305'),
('2018-09-19', '20:00:00', '21:00:00', 4, '93081880566'),
('2018-09-19', '20:00:00', '22:00:00', 9, '83041762623'),
('2018-09-19', '18:45:00', '19:45:00', 26, '67101888089'),
('2018-09-19', '20:00:00', '21:30:00', 6, '90100532222'),
('2018-09-19', '20:30:00', '21:30:00', 7, '83122155515'),
('2018-09-19', '19:00:00', '19:45:00', 8, '92110661765'),
('2018-09-19', '19:00:00', '19:45:00', 8, '94032111339'),
('2018-09-19', '20:00:00', '21:30:00', 6, '92052540982'),
('2018-09-19', '20:00:00', '21:00:00', 26, '80091255745'),
('2018-09-19', '18:45:00', '19:45:00', 24, '77021449064'),
('2018-09-19', '20:00:00', '20:45:00', 3, '93102278884'),
('2018-09-19', '17:00:00', '18:15:00', 22, '82111668069'),
('2018-09-19', '20:00:00', '22:30:00', 14, '89073075463'),
('2018-09-20', '20:00:00', '21:30:00', 6, '95091183893'),
('2018-09-20', '16:00:00', '17:00:00', 11, '95013062448'),
('2018-09-20', '20:00:00', '21:10:00', 23, '87052520227'),
('2018-09-20', '18:45:00', '20:45:00', 15, '63030872779'),
('2018-09-20', '20:00:00', '21:30:00', 7, '80082936525'),
('2018-09-20', '17:00:00', '18:00:00', 21, '76012093493'),
('2018-09-20', '18:45:00', '19:45:00', 7, '79052922062'),
('2018-09-20', '20:30:00', '21:30:00', 26, '92052540982'),
('2018-09-20', '20:30:00', '21:15:00', 3, '84080419800'),
('2018-09-20', '16:00:00', '18:30:00', 14, '86052090714'),
('2018-09-20', '16:30:00', '17:30:00', 10, '77070796384'),
('2018-09-20', '19:30:00', '20:15:00', 13, '94032111339'),
('2018-09-20', '20:00:00', '22:00:00', 12, '81030746177'),
('2018-09-20', '17:15:00', '18:45:00', 20, '01291479054'),
('2018-09-20', '20:30:00', '22:00:00', 20, '87090865078'),
('2018-09-20', '20:30:00', '21:30:00', 18, '92121746006'),
('2018-09-21', '20:00:00', '22:00:00', 9, '97081619346'),
('2018-09-21', '20:30:00', '22:30:00', 15, '81120464998'),
('2018-09-21', '19:30:00', '20:30:00', 4, '77070796384'),
('2018-09-21', '16:00:00', '17:00:00', 21, '82053154042'),
('2018-09-21', '16:30:00', '17:15:00', 8, '98010881962'),
('2018-09-21', '18:45:00', '20:15:00', 2, '80032927955'),
('2018-09-21', '19:30:00', '20:30:00', 5, '86030715967'),
('2018-09-21', '19:00:00', '21:30:00', 14, '96081099358'),
('2018-09-21', '20:15:00', '21:15:00', 7, '86052090714'),
('2018-09-22', '16:30:00', '18:00:00', 6, '79052922062'),
('2018-09-22', '18:45:00', '20:45:00', 9, '80111769711'),
('2018-09-22', '17:00:00', '18:00:00', 10, '70021574202'),
('2018-09-22', '20:00:00', '21:30:00', 6, '81111358204'),
('2018-09-22', '16:00:00', '16:50:00', 19, '95122362499'),
('2018-09-22', '16:00:00', '17:00:00', 21, '88041490754'),
('2018-09-22', '19:45:00', '20:45:00', 24, '94082877603'),
('2018-09-22', '19:00:00', '20:30:00', 7, '00211486684'),
('2018-09-22', '17:00:00', '18:00:00', 7, '96050556875'),
('2018-09-22', '18:00:00', '18:50:00', 19, '94112589931'),
('2018-09-22', '18:45:00', '19:30:00', 16, '91091521428'),
('2018-09-23', '16:00:00', '17:00:00', 7, '95111093160'),
('2018-09-23', '20:00:00', '21:00:00', 10, '91050832765'),
('2018-09-23', '16:00:00', '16:45:00', 8, '83061750156'),
('2018-09-23', '20:00:00', '22:00:00', 9, '71111293212'),
('2018-09-23', '20:00:00', '22:30:00', 14, '96081099358'),
('2018-09-23', '18:00:00', '20:30:00', 14, '69120818917'),
('2018-09-23', '20:15:00', '21:15:00', 10, '79052162464'),
('2018-09-23', '20:30:00', '21:45:00', 22, '94100739689'),
('2018-09-23', '20:00:00', '20:45:00', 17, '60042129602'),
('2018-09-23', '16:00:00', '16:45:00', 3, '91022421942'),
('2018-09-23', '17:00:00', '17:45:00', 16, '93111772717'),
('2018-09-23', '18:45:00', '20:45:00', 9, '98010881962'),
('2018-09-23', '20:00:00', '21:30:00', 20, '81120464998'),
('2018-09-23', '20:00:00', '21:30:00', 6, '00220396736'),
('2018-09-23', '18:45:00', '19:30:00', 17, '87062750948'),
('2018-09-23', '19:45:00', '20:15:00', 1, '90011047109'),
('2018-09-24', '16:00:00', '17:30:00', 20, '71111293212'),
('2018-09-24', '16:30:00', '19:00:00', 14, '79051566610'),
('2018-09-24', '20:30:00', '21:30:00', 11, '83061750156'),
('2018-09-24', '20:00:00', '21:00:00', 11, '81071092233'),
('2018-09-24', '18:45:00', '19:30:00', 16, '97061261282'),
('2018-09-24', '20:00:00', '21:00:00', 24, '96082456169'),
('2018-09-24', '18:00:00', '18:45:00', 8, '85030615390'),
('2018-09-24', '16:00:00', '18:00:00', 15, '75111867316'),
('2018-09-24', '18:45:00', '20:45:00', 12, '00220396736'),
('2018-09-24', '20:30:00', '21:30:00', 11, '89110296013'),
('2018-09-24', '16:30:00', '18:30:00', 9, '82031633910'),
('2018-09-24', '16:30:00', '18:00:00', 2, '86052090714'),
('2018-09-24', '17:15:00', '18:15:00', 11, '84032612756'),
('2018-09-24', '17:00:00', '18:30:00', 6, '80063050611'),
('2018-09-24', '16:00:00', '17:30:00', 2, '00252960031'),
('2018-09-24', '18:45:00', '20:15:00', 6, '82011292429'),
('2018-09-24', '17:00:00', '17:45:00', 3, '88032151088'),
('2018-09-24', '20:00:00', '20:45:00', 25, '75020256913'),
('2018-09-25', '20:30:00', '21:40:00', 23, '90081986803'),
('2018-09-25', '19:30:00', '21:00:00', 20, '68091123462'),
('2018-09-25', '17:15:00', '18:45:00', 6, '65081474702'),
('2018-09-25', '16:00:00', '16:45:00', 16, '94112589931'),
('2018-09-25', '17:15:00', '18:15:00', 7, '86061622153'),
('2018-09-25', '17:15:00', '18:45:00', 20, '88041889574'),
('2018-09-25', '20:00:00', '22:30:00', 14, '80082936525'),
('2018-09-25', '20:00:00', '21:15:00', 22, '83030713018'),
('2018-09-25', '18:00:00', '19:30:00', 20, '89052322441'),
('2018-09-25', '20:30:00', '22:30:00', 12, '86112727558'),
('2018-09-26', '16:00:00', '17:00:00', 26, '80112885740'),
('2018-09-26', '20:00:00', '20:45:00', 8, '82011292429'),
('2018-09-26', '18:45:00', '19:35:00', 19, '72092468930'),
('2018-09-26', '17:00:00', '19:00:00', 9, '82121356705'),
('2018-09-26', '20:30:00', '21:30:00', 26, '80082936525'),
('2018-09-26', '17:00:00', '19:30:00', 14, '76012093493'),
('2018-09-26', '17:00:00', '17:45:00', 8, '97062640145'),
('2018-09-26', '20:30:00', '21:20:00', 19, '88060633398'),
('2018-09-26', '19:30:00', '21:30:00', 12, '83070774646'),
('2018-09-26', '16:00:00', '18:30:00', 14, '86061622153'),
('2018-09-26', '19:00:00', '20:00:00', 26, '79052162464'),
('2018-09-26', '18:45:00', '19:30:00', 17, '82092143609'),
('2018-09-26', '17:00:00', '18:00:00', 18, '89073075463'),
('2018-09-26', '17:00:00', '18:00:00', 11, '85040186862'),
('2018-09-27', '20:00:00', '20:45:00', 5, '89011284779'),
('2018-09-27', '20:00:00', '20:45:00', 3, '87121181946'),
('2018-09-27', '20:00:00', '21:15:00', 22, '68010634532'),
('2018-09-27', '20:00:00', '21:30:00', 6, '79051566610'),
('2018-09-27', '18:45:00', '20:15:00', 6, '90081986803'),
('2018-09-27', '19:00:00', '20:00:00', 21, '88032151088'),
('2018-09-27', '18:00:00', '19:00:00', 24, '73042042642'),
('2018-09-27', '19:00:00', '19:50:00', 19, '80111769711'),
('2018-09-27', '20:00:00', '20:50:00', 19, '84032612756'),
('2018-09-27', '18:45:00', '20:15:00', 7, '90100532222'),
('2018-09-27', '20:30:00', '21:15:00', 8, '85030615390'),
('2018-09-28', '19:00:00', '19:50:00', 19, '87121110791'),
('2018-09-28', '19:00:00', '21:30:00', 14, '75040642244'),
('2018-09-28', '19:00:00', '20:00:00', 10, '73033059121'),
('2018-09-28', '20:00:00', '21:00:00', 26, '80091255745'),
('2018-09-28', '19:00:00', '20:00:00', 4, '60042129602'),
('2018-09-28', '20:00:00', '20:45:00', 5, '72092076469'),
('2018-09-28', '20:30:00', '21:30:00', 7, '83070774646'),
('2018-09-28', '19:30:00', '20:20:00', 19, '00312447739'),
('2018-09-28', '19:00:00', '20:00:00', 26, '98072258726'),
('2018-09-28', '20:30:00', '21:30:00', 26, '90100532222'),
('2018-09-28', '16:00:00', '17:00:00', 18, '93081880566'),
('2018-09-28', '16:15:00', '17:05:00', 19, '88032884997'),
('2018-09-28', '20:30:00', '23:00:00', 14, '88041490754'),
('2018-09-28', '16:00:00', '16:45:00', 17, '96091727423'),
('2018-09-28', '20:00:00', '21:30:00', 20, '78102259510'),
('2018-09-28', '19:00:00', '19:50:00', 19, '83061750156'),
('2018-09-28', '17:00:00', '17:30:00', 1, '82053154042'),
('2018-09-28', '20:30:00', '21:15:00', 16, '76082244612'),
('2018-09-29', '20:00:00', '22:00:00', 15, '92101975525'),
('2018-09-29', '19:00:00', '21:30:00', 14, '01303192726'),
('2018-09-29', '18:45:00', '19:30:00', 25, '90081986803'),
('2018-09-29', '16:00:00', '16:45:00', 3, '96081099358'),
('2018-09-29', '19:30:00', '21:30:00', 12, '63030872779'),
('2018-09-29', '17:15:00', '18:15:00', 11, '60042129602'),
('2018-09-29', '18:00:00', '19:15:00', 22, '68091123462'),
('2018-09-29', '16:00:00', '17:00:00', 26, '95111093160'),
('2018-09-29', '19:30:00', '22:00:00', 14, '71111293212'),
('2018-09-29', '19:00:00', '20:00:00', 10, '91080777867'),
('2018-09-29', '19:00:00', '21:00:00', 12, '01230712857'),
('2018-09-30', '16:00:00', '16:45:00', 13, '98061785789'),
('2018-09-30', '18:45:00', '19:30:00', 8, '85040186862'),
('2018-09-30', '20:00:00', '20:45:00', 8, '81120464998'),
('2018-09-30', '20:00:00', '20:45:00', 13, '85061169747'),
('2018-09-30', '16:00:00', '18:00:00', 9, '92052540982'),
('2018-09-30', '18:45:00', '19:30:00', 8, '83070774646'),
('2018-09-30', '20:30:00', '21:15:00', 25, '00221216048'),
('2018-09-30', '20:30:00', '21:30:00', 5, '81041832832'),
('2018-09-30', '16:00:00', '18:30:00', 14, '70080914919'),
('2018-09-30', '18:45:00', '20:45:00', 15, '91091314554'),
('2018-10-01', '18:45:00', '19:35:00', 19, '68010634532'),
('2018-10-01', '20:00:00', '21:00:00', 21, '89073075463'),
('2018-10-01', '17:00:00', '17:45:00', 25, '81030746177'),
('2018-10-01', '20:00:00', '22:30:00', 14, '82011292429'),
('2018-10-01', '16:00:00', '16:45:00', 3, '85081541903'),
('2018-10-01', '16:00:00', '16:30:00', 1, '90050968982'),
('2018-10-01', '16:30:00', '17:20:00', 19, '86112727558'),
('2018-10-01', '17:30:00', '19:00:00', 20, '81041832832'),
('2018-10-01', '16:00:00', '17:00:00', 5, '95110862679'),
('2018-10-01', '20:30:00', '22:30:00', 15, '92101975525'),
('2018-10-01', '19:00:00', '19:45:00', 13, '71070846711'),
('2018-10-01', '19:45:00', '20:45:00', 18, '61120859464'),
('2018-10-02', '17:00:00', '18:00:00', 11, '73102055173'),
('2018-10-02', '20:00:00', '21:00:00', 24, '70080914919'),
('2018-10-02', '16:00:00', '18:30:00', 14, '77022270175'),
('2018-10-02', '17:00:00', '18:00:00', 7, '95013062448'),
('2018-10-02', '20:30:00', '21:30:00', 21, '83122155515'),
('2018-10-02', '19:45:00', '20:15:00', 1, '87042098442'),
('2018-10-02', '18:45:00', '19:45:00', 26, '96082456169'),
('2018-10-02', '20:00:00', '20:45:00', 25, '83071577958'),
('2018-10-02', '18:45:00', '19:45:00', 18, '90050968982'),
('2018-10-02', '20:00:00', '20:45:00', 3, '01291479054'),
('2018-10-02', '20:15:00', '21:25:00', 23, '97081619346'),
('2018-10-02', '19:30:00', '21:00:00', 6, '74051070044'),
('2018-10-02', '18:00:00', '18:45:00', 17, '85081541903'),
('2018-10-02', '17:00:00', '17:50:00', 19, '88032884997'),
('2018-10-02', '20:00:00', '20:45:00', 16, '83020982950'),
('2018-10-03', '20:15:00', '22:15:00', 15, '97062640145'),
('2018-10-03', '19:45:00', '20:45:00', 26, '97081619346'),
('2018-10-03', '20:30:00', '22:30:00', 12, '88041889574'),
('2018-10-03', '20:00:00', '21:00:00', 11, '81111358204'),
('2018-10-03', '19:00:00', '19:45:00', 16, '69072710172'),
('2018-10-03', '17:00:00', '18:30:00', 6, '91091521428'),
('2018-10-04', '20:30:00', '22:30:00', 15, '73050978537'),
('2018-10-04', '20:00:00', '21:00:00', 7, '90071594539'),
('2018-10-04', '20:00:00', '21:00:00', 24, '90100532222'),
('2018-10-04', '20:30:00', '21:30:00', 24, '96021654296'),
('2018-10-04', '20:00:00', '21:10:00', 23, '66022017983'),
('2018-10-04', '18:00:00', '19:10:00', 23, '85081541903'),
('2018-10-04', '20:00:00', '20:45:00', 13, '83040314845'),
('2018-10-04', '20:00:00', '22:00:00', 12, '89073075463'),
('2018-10-04', '20:00:00', '20:45:00', 13, '90050968982'),
('2018-10-04', '17:00:00', '18:00:00', 10, '68091123462'),
('2018-10-04', '19:30:00', '20:20:00', 19, '74091264258'),
('2018-10-05', '19:00:00', '20:30:00', 6, '76021661410'),
('2018-10-05', '20:30:00', '21:15:00', 16, '98061785789'),
('2018-10-05', '16:00:00', '17:00:00', 26, '00221216048'),
('2018-10-05', '20:30:00', '21:30:00', 26, '84061632305'),
('2018-10-05', '20:00:00', '21:30:00', 20, '77022270175'),
('2018-10-05', '19:00:00', '19:45:00', 3, '74091264258'),
('2018-10-05', '20:30:00', '21:30:00', 11, '86122554131'),
('2018-10-05', '18:45:00', '21:15:00', 14, '85081541903'),
('2018-10-06', '20:00:00', '21:15:00', 22, '75071778477'),
('2018-10-06', '17:00:00', '19:00:00', 15, '81061911438'),
('2018-10-06', '16:00:00', '17:00:00', 10, '91050832765'),
('2018-10-06', '16:15:00', '17:15:00', 7, '82092387166'),
('2018-10-06', '18:45:00', '19:45:00', 21, '86061622153'),
('2018-10-06', '20:30:00', '21:30:00', 24, '76082244612'),
('2018-10-06', '19:30:00', '20:15:00', 5, '73033059121'),
('2018-10-06', '16:00:00', '17:00:00', 21, '91052873780'),
('2018-10-06', '19:00:00', '21:00:00', 12, '83041762623'),
('2018-10-06', '20:30:00', '21:30:00', 11, '89073075463'),
('2018-10-06', '20:00:00', '20:45:00', 8, '86021379938'),
('2018-10-06', '16:30:00', '17:15:00', 3, '82092387166'),
('2018-10-07', '17:30:00', '19:30:00', 15, '95091183893'),
('2018-10-07', '19:00:00', '21:00:00', 15, '83020982950'),
('2018-10-07', '20:00:00', '21:00:00', 26, '81112342280'),
('2018-10-07', '20:15:00', '22:15:00', 9, '79041379857'),
('2018-10-07', '16:00:00', '18:30:00', 14, '83071577958'),
('2018-10-07', '16:00:00', '16:45:00', 25, '86052090714'),
('2018-10-07', '16:00:00', '18:00:00', 9, '80111769711'),
('2018-10-07', '16:00:00', '16:45:00', 16, '94112589931'),
('2018-10-07', '17:00:00', '18:30:00', 2, '96041655459'),
('2018-10-07', '16:00:00', '17:15:00', 22, '01303192726'),
('2018-10-07', '18:45:00', '19:45:00', 24, '86061622153'),
('2018-10-07', '16:00:00', '16:30:00', 1, '92121746006'),
('2018-10-07', '20:30:00', '21:15:00', 16, '81072675910'),
('2018-10-07', '20:00:00', '21:30:00', 20, '84062618311'),
('2018-10-08', '20:00:00', '21:30:00', 2, '86112727558'),
('2018-10-08', '18:00:00', '19:30:00', 2, '71070846711'),
('2018-10-08', '16:00:00', '16:45:00', 16, '98072258726'),
('2018-10-08', '19:00:00', '19:45:00', 13, '94082877603'),
('2018-10-08', '16:00:00', '16:50:00', 19, '92050657479'),
('2018-10-08', '18:45:00', '20:45:00', 9, '81071092233'),
('2018-10-08', '20:15:00', '21:05:00', 19, '78102259510'),
('2018-10-08', '20:00:00', '21:00:00', 7, '92041895143'),
('2018-10-08', '17:30:00', '18:30:00', 24, '82121356705'),
('2018-10-08', '17:00:00', '19:30:00', 14, '88041490754'),
('2018-10-08', '18:45:00', '20:45:00', 15, '73050978537'),
('2018-10-08', '19:00:00', '21:00:00', 9, '96041655459'),
('2018-10-08', '19:30:00', '20:30:00', 11, '78033117532'),
('2018-10-08', '16:00:00', '18:00:00', 15, '01230712857'),
('2018-10-08', '16:00:00', '16:45:00', 25, '89011284779'),
('2018-10-08', '18:45:00', '20:45:00', 9, '81072675910'),
('2018-10-08', '17:00:00', '17:45:00', 5, '84080569574'),
('2018-10-08', '19:30:00', '21:00:00', 6, '93081880566'),
('2018-10-09', '20:30:00', '21:30:00', 5, '86021379938'),
('2018-10-09', '19:00:00', '21:30:00', 14, '94032111339'),
('2018-10-09', '19:00:00', '21:00:00', 15, '01271948491'),
('2018-10-09', '19:30:00', '20:15:00', 3, '95122362499'),
('2018-10-09', '17:00:00', '19:30:00', 14, '76021661410'),
('2018-10-09', '19:30:00', '22:00:00', 14, '79041379857'),
('2018-10-09', '20:30:00', '22:00:00', 7, '91122080296'),
('2018-10-09', '20:00:00', '21:30:00', 20, '88041490754'),
('2018-10-10', '16:00:00', '16:45:00', 13, '76082244612'),
('2018-10-10', '19:00:00', '20:00:00', 11, '88081454071'),
('2018-10-10', '20:00:00', '22:00:00', 9, '82011292429'),
('2018-10-10', '17:00:00', '17:45:00', 25, '92041895143'),
('2018-10-10', '19:45:00', '20:30:00', 13, '79041379857'),
('2018-10-10', '20:15:00', '21:30:00', 22, '92090866233'),
('2018-10-10', '19:30:00', '21:00:00', 7, '92052540982'),
('2018-10-10', '20:00:00', '21:00:00', 11, '75040642244'),
('2018-10-10', '20:00:00', '20:45:00', 13, '00220396736'),
('2018-10-10', '20:00:00', '22:00:00', 9, '92050657479'),
('2018-10-10', '20:00:00', '20:45:00', 3, '86052090714'),
('2018-10-10', '20:00:00', '20:45:00', 17, '80082936525'),
('2018-10-10', '16:15:00', '18:15:00', 12, '01271948491'),
('2018-10-10', '18:45:00', '20:45:00', 12, '87042098442'),
('2018-10-10', '17:00:00', '18:30:00', 2, '87062086333'),
('2018-10-11', '17:00:00', '18:15:00', 22, '85030615390'),
('2018-10-11', '20:00:00', '20:30:00', 1, '99071947484'),
('2018-10-11', '20:00:00', '21:30:00', 20, '98052514170'),
('2018-10-11', '16:45:00', '17:30:00', 3, '94110383957'),
('2018-10-11', '16:00:00', '17:30:00', 20, '92090866233'),
('2018-10-11', '20:00:00', '22:30:00', 14, '01271948491'),
('2018-10-11', '20:00:00', '22:00:00', 15, '71111293212'),
('2018-10-11', '17:00:00', '18:30:00', 6, '92112377396'),
('2018-10-11', '17:15:00', '18:00:00', 3, '68010634532'),
('2018-10-11', '20:00:00', '20:45:00', 16, '84031414595'),
('2018-10-11', '16:00:00', '16:45:00', 13, '79052922062'),
('2018-10-11', '16:00:00', '18:00:00', 12, '00312447739'),
('2018-10-11', '17:15:00', '18:45:00', 7, '86030715967'),
('2018-10-11', '20:15:00', '21:45:00', 20, '73033059121'),
('2018-10-11', '18:45:00', '19:30:00', 25, '96042743290'),
('2018-10-11', '20:30:00', '21:15:00', 3, '70080914919'),
('2018-10-11', '16:00:00', '17:30:00', 7, '95111093160'),
('2018-10-11', '18:00:00', '19:10:00', 23, '88020643885'),
('2018-10-12', '20:00:00', '21:00:00', 21, '86122554131'),
('2018-10-12', '16:00:00', '17:30:00', 6, '83020982950'),
('2018-10-12', '16:00:00', '16:45:00', 17, '62011052982'),
('2018-10-12', '16:00:00', '17:30:00', 7, '84062618311'),
('2018-10-12', '19:30:00', '22:00:00', 14, '89072858597'),
('2018-10-12', '17:15:00', '18:15:00', 7, '94100739689'),
('2018-10-12', '17:30:00', '19:30:00', 9, '98052514170'),
('2018-10-12', '20:30:00', '23:00:00', 14, '71070846711'),
('2018-10-12', '19:30:00', '21:30:00', 15, '85040186862'),
('2018-10-12', '19:00:00', '20:00:00', 21, '01303192726'),
('2018-10-12', '20:30:00', '21:30:00', 7, '74051070044'),
('2018-10-12', '22:45:00', '23:30:00', 13, '84031414595'),
('2018-10-12', '20:00:00', '20:45:00', 16, '78033117532'),
('2018-10-12', '20:00:00', '22:00:00', 12, '96041655459'),
('2018-10-12', '20:00:00', '21:00:00', 26, '91091521428'),
('2018-10-13', '19:00:00', '20:15:00', 22, '91080777867'),
('2018-10-13', '20:30:00', '21:30:00', 21, '96042743290'),
('2018-10-13', '19:30:00', '20:15:00', 17, '88020643885'),
('2018-10-13', '19:00:00', '19:50:00', 19, '81120464998'),
('2018-10-13', '16:00:00', '18:00:00', 12, '88041889574'),
('2018-10-13', '20:00:00', '21:00:00', 18, '80091255745'),
('2018-10-13', '19:00:00', '21:00:00', 12, '97080131708'),
('2018-10-13', '20:00:00', '21:00:00', 7, '98072258726'),
('2018-10-13', '19:00:00', '21:00:00', 15, '89072858597'),
('2018-10-14', '19:45:00', '22:15:00', 14, '94112589931'),
('2018-10-14', '19:30:00', '20:20:00', 19, '75020256913'),
('2018-10-14', '17:30:00', '18:45:00', 22, '91050832765'),
('2018-10-14', '20:30:00', '22:00:00', 7, '98061785789'),
('2018-10-14', '18:45:00', '19:45:00', 21, '72092468930'),
('2018-10-14', '17:00:00', '19:30:00', 14, '79051566610'),
('2018-10-14', '19:00:00', '21:30:00', 14, '00220396736'),
('2018-10-14', '20:30:00', '21:30:00', 11, '82040646116'),
('2018-10-15', '19:30:00', '21:30:00', 15, '01230712857'),
('2018-10-15', '19:45:00', '20:45:00', 26, '82121356705'),
('2018-10-15', '20:30:00', '21:30:00', 11, '94082877603'),
('2018-10-15', '19:00:00', '19:50:00', 19, '71070846711'),
('2018-10-15', '20:00:00', '21:00:00', 7, '69120818917'),
('2018-10-15', '19:00:00', '19:45:00', 3, '66022017983'),
('2018-10-15', '19:45:00', '21:45:00', 15, '92112377396'),
('2018-10-15', '16:00:00', '16:45:00', 3, '00252960031'),
('2018-10-15', '16:15:00', '17:45:00', 20, '90120447577'),
('2018-10-15', '19:45:00', '21:15:00', 20, '91091314554'),
('2018-10-15', '20:30:00', '21:15:00', 13, '92041895143'),
('2018-10-16', '20:00:00', '21:00:00', 26, '76071328228'),
('2018-10-16', '17:00:00', '17:45:00', 16, '98061785789'),
('2018-10-16', '20:00:00', '20:45:00', 16, '00221216048'),
('2018-10-16', '19:30:00', '21:30:00', 9, '86030715967'),
('2018-10-16', '17:00:00', '17:45:00', 13, '92052540982'),
('2018-10-16', '19:00:00', '20:00:00', 7, '80091255745'),
('2018-10-16', '17:00:00', '19:00:00', 12, '74051070044'),
('2018-10-16', '16:00:00', '18:30:00', 14, '81112342280'),
('2018-10-16', '17:00:00', '18:30:00', 20, '84061632305'),
('2018-10-16', '20:30:00', '21:30:00', 26, '80091255745'),
('2018-10-16', '17:00:00', '18:00:00', 4, '75040642244'),
('2018-10-16', '20:30:00', '21:15:00', 17, '98061785789'),
('2018-10-16', '17:00:00', '18:10:00', 23, '01303192726'),
('2018-10-16', '16:30:00', '17:30:00', 24, '80052785782'),
('2018-10-16', '17:15:00', '19:15:00', 15, '82031633910'),
('2018-10-17', '20:30:00', '22:00:00', 6, '81112342280'),
('2018-10-17', '20:00:00', '20:45:00', 8, '68010634532'),
('2018-10-17', '20:30:00', '22:30:00', 9, '85080910544'),
('2018-10-17', '16:00:00', '17:15:00', 22, '88081454071'),
('2018-10-17', '16:00:00', '16:45:00', 16, '82011292429'),
('2018-10-17', '20:00:00', '22:00:00', 9, '97081619346'),
('2018-10-17', '20:30:00', '21:30:00', 11, '99121824301'),
('2018-10-17', '20:00:00', '20:45:00', 8, '87090865078'),
('2018-10-17', '19:00:00', '20:00:00', 4, '80091255745'),
('2018-10-17', '19:30:00', '20:30:00', 26, '91022421942'),
('2018-10-17', '20:00:00', '20:50:00', 19, '75020256913'),
('2018-10-18', '20:00:00', '21:00:00', 11, '92050657479'),
('2018-10-18', '16:00:00', '16:45:00', 16, '83030713018'),
('2018-10-18', '19:00:00', '20:00:00', 26, '97081619346'),
('2018-10-18', '20:30:00', '23:00:00', 14, '79041379857'),
('2018-10-18', '19:30:00', '20:15:00', 13, '92110661765'),
('2018-10-18', '20:30:00', '22:00:00', 6, '90071048687'),
('2018-10-18', '16:00:00', '18:00:00', 15, '98052514170'),
('2018-10-19', '19:30:00', '21:00:00', 20, '85080910544'),
('2018-10-19', '20:30:00', '21:20:00', 19, '89110296013'),
('2018-10-19', '16:00:00', '18:00:00', 15, '84032612756'),
('2018-10-19', '18:45:00', '20:15:00', 7, '88041490754'),
('2018-10-19', '16:00:00', '17:30:00', 6, '85030615390'),
('2018-10-19', '20:30:00', '21:30:00', 24, '98052514170'),
('2018-10-19', '19:45:00', '21:45:00', 9, '97062640145'),
('2018-10-19', '20:00:00', '22:00:00', 9, '87062086333'),
('2018-10-20', '19:30:00', '21:00:00', 20, '81030746177'),
('2018-10-20', '16:00:00', '18:30:00', 14, '01301144688'),
('2018-10-20', '18:45:00', '20:45:00', 12, '88020643885'),
('2018-10-20', '17:15:00', '18:00:00', 16, '91050832765'),
('2018-10-20', '19:30:00', '21:00:00', 20, '83030713018'),
('2018-10-20', '16:00:00', '16:45:00', 16, '60042129602'),
('2018-10-20', '20:00:00', '21:00:00', 21, '81061911438'),
('2018-10-20', '20:00:00', '22:00:00', 9, '88060633398'),
('2018-10-20', '20:30:00', '21:30:00', 7, '63030872779'),
('2018-10-20', '17:30:00', '18:15:00', 25, '92041895143'),
('2018-10-20', '20:30:00', '21:30:00', 11, '92090866233'),
('2018-10-20', '20:00:00', '21:00:00', 21, '75020256913'),
('2018-10-20', '18:45:00', '19:30:00', 5, '81071092233'),
('2018-10-21', '19:00:00', '21:30:00', 14, '80121119944'),
('2018-10-21', '19:45:00', '20:30:00', 13, '80091255745'),
('2018-10-21', '17:30:00', '18:15:00', 13, '76082244612'),
('2018-10-21', '16:00:00', '17:30:00', 20, '88060633398'),
('2018-10-21', '16:00:00', '17:30:00', 20, '95110862679'),
('2018-10-21', '17:00:00', '17:45:00', 8, '90071048687'),
('2018-10-21', '20:00:00', '22:00:00', 15, '01303192726'),
('2018-10-21', '18:45:00', '20:45:00', 9, '88081454071'),
('2018-10-21', '20:00:00', '21:00:00', 4, '59121254845'),
('2018-10-21', '18:45:00', '20:15:00', 20, '63030872779'),
('2018-10-21', '19:00:00', '19:45:00', 8, '01271948491'),
('2018-10-21', '20:30:00', '21:15:00', 8, '73102055173'),
('2018-10-21', '17:00:00', '17:50:00', 19, '73050978537'),
('2018-10-21', '17:15:00', '18:45:00', 20, '87090865078'),
('2018-10-21', '18:45:00', '20:45:00', 15, '72092468930'),
('2018-10-21', '19:45:00', '21:15:00', 20, '92110661765'),
('2018-10-21', '20:00:00', '20:45:00', 16, '96091727423'),
('2018-10-21', '19:30:00', '21:00:00', 6, '97081619346'),
('2018-10-21', '18:45:00', '19:45:00', 5, '90081986803'),
('2018-10-21', '16:15:00', '17:15:00', 21, '77021449064'),
('2018-10-21', '16:15:00', '17:15:00', 11, '88032884997'),
('2018-10-21', '20:00:00', '22:00:00', 9, '94110383957'),
('2018-10-21', '20:00:00', '21:00:00', 18, '92121746006'),
('2018-10-22', '20:00:00', '21:30:00', 20, '00252960031'),
('2018-10-22', '20:30:00', '22:30:00', 12, '76071328228'),
('2018-10-22', '16:00:00', '17:00:00', 7, '74051070044'),
('2018-10-22', '16:00:00', '17:30:00', 2, '89110296013'),
('2018-10-22', '19:30:00', '20:15:00', 17, '89073075463'),
('2018-10-22', '19:00:00', '20:00:00', 4, '68091123462'),
('2018-10-22', '19:30:00', '20:30:00', 26, '95111093160'),
('2018-10-22', '19:30:00', '21:00:00', 20, '94112589931'),
('2018-10-22', '16:30:00', '17:15:00', 8, '84031414595'),
('2018-10-22', '16:15:00', '18:15:00', 9, '81061911438'),
('2018-10-22', '16:00:00', '17:00:00', 18, '00211486684'),
('2018-10-22', '20:00:00', '20:45:00', 17, '83041762623'),
('2018-10-23', '16:00:00', '16:45:00', 16, '60042129602'),
('2018-10-23', '20:00:00', '21:00:00', 21, '86030715967'),
('2018-10-23', '20:30:00', '21:15:00', 8, '77070796384'),
('2018-10-23', '16:00:00', '18:00:00', 15, '70080914919'),
('2018-10-23', '19:30:00', '21:00:00', 7, '82011292429'),
('2018-10-23', '17:00:00', '19:30:00', 14, '80063050611'),
('2018-10-23', '19:00:00', '19:45:00', 16, '89021968180'),
('2018-10-23', '18:45:00', '20:45:00', 15, '95122362499'),
('2018-10-23', '17:30:00', '18:15:00', 8, '70021574202'),
('2018-10-23', '20:30:00', '21:15:00', 8, '74051070044'),
('2018-10-23', '19:45:00', '22:15:00', 14, '92050657479'),
('2018-10-23', '17:15:00', '18:30:00', 22, '87121181946'),
('2018-10-23', '19:00:00', '19:45:00', 16, '96081099358'),
('2018-10-23', '20:00:00', '21:00:00', 11, '92010762609'),
('2018-10-23', '17:00:00', '19:00:00', 15, '00220396736'),
('2018-10-23', '19:00:00', '19:45:00', 25, '91022421942'),
('2018-10-23', '20:00:00', '20:45:00', 25, '88081454071'),
('2018-10-24', '20:00:00', '21:00:00', 11, '90120447577'),
('2018-10-24', '19:30:00', '20:30:00', 26, '87052520227'),
('2018-10-24', '19:00:00', '19:45:00', 16, '91091521428'),
('2018-10-24', '19:30:00', '22:00:00', 14, '68010634532'),
('2018-10-24', '20:00:00', '22:00:00', 12, '73033059121'),
('2018-10-24', '18:00:00', '19:00:00', 7, '87121181946'),
('2018-10-24', '20:00:00', '20:45:00', 25, '89021968180'),
('2018-10-24', '16:00:00', '18:00:00', 15, '87121110791'),
('2018-10-24', '16:00:00', '18:00:00', 15, '70080914919'),
('2018-10-24', '18:45:00', '20:45:00', 12, '92090866233'),
('2018-10-24', '20:30:00', '22:30:00', 15, '88081454071'),
('2018-10-25', '20:00:00', '20:45:00', 16, '98052514170'),
('2018-10-25', '19:30:00', '20:30:00', 4, '82011292429'),
('2018-10-25', '20:30:00', '22:30:00', 9, '77102111394'),
('2018-10-25', '16:15:00', '17:00:00', 3, '93111772717'),
('2018-10-25', '20:00:00', '21:00:00', 11, '74051070044'),
('2018-10-25', '17:00:00', '18:00:00', 7, '82092387166'),
('2018-10-25', '16:30:00', '17:15:00', 13, '88041490754'),
('2018-10-25', '17:00:00', '19:00:00', 12, '91091314554'),
('2018-10-25', '20:00:00', '22:00:00', 9, '81071092233'),
('2018-10-25', '20:30:00', '21:30:00', 10, '77070796384'),
('2018-10-25', '20:00:00', '21:00:00', 7, '00220396736'),
('2018-10-25', '16:00:00', '16:45:00', 25, '90050968982'),
('2018-10-26', '18:00:00', '18:45:00', 25, '87042098442'),
('2018-10-26', '19:00:00', '20:00:00', 21, '93111321638'),
('2018-10-26', '19:00:00', '20:30:00', 6, '74051070044'),
('2018-10-26', '19:30:00', '20:30:00', 11, '82121356705'),
('2018-10-26', '20:00:00', '21:30:00', 6, '80112885740'),
('2018-10-26', '20:30:00', '21:15:00', 8, '85080910544'),
('2018-10-26', '17:00:00', '18:00:00', 4, '89052322441'),
('2018-10-26', '20:00:00', '22:30:00', 14, '86052090714'),
('2018-10-26', '19:00:00', '20:00:00', 11, '95111093160'),
('2018-10-26', '19:00:00', '20:00:00', 26, '80121119944'),
('2018-10-27', '18:45:00', '19:30:00', 3, '83020982950'),
('2018-10-27', '16:00:00', '18:30:00', 14, '89011284779'),
('2018-10-27', '16:00:00', '17:00:00', 24, '73033059121'),
('2018-10-27', '20:00:00', '21:00:00', 4, '73042042642'),
('2018-10-27', '17:00:00', '18:00:00', 7, '90050968982'),
('2018-10-27', '18:45:00', '20:45:00', 15, '01291479054'),
('2018-10-27', '18:45:00', '20:00:00', 22, '92110661765'),
('2018-10-27', '19:00:00', '19:45:00', 25, '86061622153'),
('2018-10-27', '17:00:00', '17:45:00', 25, '86112727558'),
('2018-10-27', '18:45:00', '20:15:00', 20, '66022017983'),
('2018-10-27', '18:45:00', '20:45:00', 9, '61120859464'),
('2018-10-27', '20:30:00', '21:30:00', 5, '83071577958'),
('2018-10-27', '19:00:00', '19:45:00', 13, '85061849221'),
('2018-10-28', '19:30:00', '20:45:00', 22, '96082456169'),
('2018-10-28', '20:30:00', '21:15:00', 5, '82092387166'),
('2018-10-28', '20:30:00', '21:30:00', 26, '66022017983'),
('2018-10-28', '16:15:00', '17:00:00', 16, '74091264258'),
('2018-10-28', '16:30:00', '17:15:00', 16, '83020982950'),
('2018-10-28', '19:30:00', '20:30:00', 5, '95111093160'),
('2018-10-28', '16:00:00', '17:00:00', 18, '83070774646'),
('2018-10-28', '17:00:00', '17:45:00', 8, '82053154042'),
('2018-10-28', '19:00:00', '20:00:00', 21, '60042129602'),
('2018-10-28', '16:30:00', '17:30:00', 7, '87062750948'),
('2018-10-28', '17:00:00', '17:45:00', 16, '99071947484'),
('2018-10-28', '19:00:00', '19:50:00', 19, '92112377396'),
('2018-10-28', '17:00:00', '18:30:00', 2, '83030713018'),
('2018-10-29', '16:00:00', '17:00:00', 24, '81112342280'),
('2018-10-29', '19:00:00', '21:00:00', 15, '00252960031'),
('2018-10-29', '20:30:00', '22:00:00', 20, '73050978537'),
('2018-10-29', '16:30:00', '17:20:00', 19, '89051965791'),
('2018-10-29', '20:30:00', '21:30:00', 11, '95122362499'),
('2018-10-29', '20:30:00', '21:30:00', 21, '86112727558'),
('2018-10-29', '19:45:00', '21:45:00', 12, '82091425966'),
('2018-10-29', '18:45:00', '20:45:00', 9, '93102278884'),
('2018-10-29', '19:00:00', '19:45:00', 13, '92052540982'),
('2018-10-29', '20:30:00', '21:30:00', 24, '84080569574'),
('2018-10-29', '17:00:00', '18:00:00', 10, '80091255745'),
('2018-10-29', '20:30:00', '21:30:00', 11, '97080131708'),
('2018-10-30', '17:15:00', '18:45:00', 20, '79051566610'),
('2018-10-30', '20:00:00', '21:30:00', 20, '01230712857'),
('2018-10-30', '19:00:00', '20:15:00', 22, '83030713018'),
('2018-10-30', '20:00:00', '22:00:00', 12, '82121356705'),
('2018-10-30', '20:30:00', '21:20:00', 19, '68010634532'),
('2018-10-30', '19:30:00', '20:15:00', 25, '95091183893'),
('2018-10-30', '17:00:00', '17:45:00', 13, '85061849221'),
('2018-10-30', '18:45:00', '20:45:00', 15, '81123072981'),
('2018-10-30', '18:45:00', '21:15:00', 14, '96121059001'),
('2018-10-30', '19:00:00', '19:50:00', 19, '76012093493'),
('2018-10-30', '18:45:00', '19:45:00', 21, '96091727423'),
('2018-10-30', '16:00:00', '16:45:00', 17, '72092076469'),
('2018-10-30', '18:45:00', '20:45:00', 9, '97061261282'),
('2018-10-30', '20:30:00', '22:00:00', 6, '82092143609'),
('2018-10-30', '16:30:00', '18:00:00', 20, '99071947484'),
('2018-10-30', '20:00:00', '22:00:00', 15, '94112589931'),
('2018-10-30', '16:15:00', '17:00:00', 25, '93111772717'),
('2018-10-31', '19:30:00', '20:15:00', 13, '72092076469'),
('2018-10-31', '16:00:00', '16:45:00', 25, '82121356705'),
('2018-10-31', '17:30:00', '19:30:00', 15, '01291479054'),
('2018-10-31', '18:00:00', '19:00:00', 24, '88032151088'),
('2018-10-31', '19:30:00', '20:15:00', 16, '82092387166'),
('2018-10-31', '20:00:00', '21:30:00', 20, '89011284779'),
('2018-10-31', '16:00:00', '16:45:00', 17, '85061169747'),
('2018-10-31', '19:45:00', '21:45:00', 15, '84031414595'),
('2018-10-31', '20:00:00', '21:15:00', 22, '96021654296'),
('2018-11-01', '18:00:00', '19:00:00', 24, '80112885740'),
('2018-11-01', '18:45:00', '19:30:00', 8, '98072258726'),
('2018-11-01', '19:00:00', '19:45:00', 25, '81072675910'),
('2018-11-01', '20:30:00', '21:30:00', 11, '98061785789'),
('2018-11-01', '16:00:00', '18:00:00', 15, '90120447577'),
('2018-11-01', '18:45:00', '19:30:00', 3, '76021661410'),
('2018-11-01', '18:45:00', '19:30:00', 17, '89061122722'),
('2018-11-01', '16:00:00', '17:00:00', 24, '00252960031'),
('2018-11-01', '19:45:00', '21:15:00', 20, '96081099358'),
('2018-11-01', '20:30:00', '21:30:00', 7, '80121119944'),
('2018-11-01', '16:00:00', '16:45:00', 8, '96041655459'),
('2018-11-01', '17:00:00', '19:00:00', 12, '82053154042'),
('2018-11-02', '19:00:00', '21:00:00', 9, '94082877603'),
('2018-11-02', '20:30:00', '22:00:00', 20, '82092143609'),
('2018-11-02', '20:30:00', '21:30:00', 11, '92101975525'),
('2018-11-02', '17:00:00', '19:00:00', 15, '92121746006'),
('2018-11-02', '17:15:00', '18:15:00', 11, '00312447739'),
('2018-11-02', '18:45:00', '19:45:00', 24, '88020643885'),
('2018-11-02', '19:00:00', '21:00:00', 12, '81120464998'),
('2018-11-02', '16:00:00', '18:00:00', 15, '90050968982'),
('2018-11-02', '19:00:00', '21:00:00', 12, '89072858597'),
('2018-11-02', '20:00:00', '22:00:00', 15, '92050657479'),
('2018-11-02', '20:30:00', '22:00:00', 2, '87090865078'),
('2018-11-02', '20:00:00', '21:00:00', 4, '82053154042'),
('2018-11-02', '16:00:00', '17:00:00', 11, '59121254845'),
('2018-11-03', '20:30:00', '22:30:00', 15, '83061750156'),
('2018-11-03', '19:00:00', '20:30:00', 2, '01291479054'),
('2018-11-03', '16:30:00', '17:30:00', 18, '01301144688'),
('2018-11-03', '20:00:00', '20:45:00', 25, '85081541903'),
('2018-11-03', '20:00:00', '22:00:00', 15, '93111772717'),
('2018-11-03', '20:30:00', '22:00:00', 6, '70021574202'),
('2018-11-03', '20:00:00', '22:00:00', 15, '86021379938'),
('2018-11-03', '20:30:00', '21:15:00', 8, '92112377396'),
('2018-11-03', '19:45:00', '22:15:00', 14, '81072675910'),
('2018-11-03', '17:00:00', '18:00:00', 18, '99071947484'),
('2018-11-04', '18:45:00', '20:15:00', 2, '84032612756'),
('2018-11-04', '19:00:00', '19:45:00', 13, '85022769263'),
('2018-11-04', '19:00:00', '20:30:00', 7, '89051965791'),
('2018-11-04', '20:00:00', '21:30:00', 2, '97052873850'),
('2018-11-04', '18:45:00', '19:45:00', 18, '83040314845'),
('2018-11-04', '20:00:00', '21:00:00', 18, '96091727423'),
('2018-11-04', '18:45:00', '19:30:00', 25, '74090680952'),
('2018-11-04', '16:15:00', '17:00:00', 25, '88032884997'),
('2018-11-04', '18:45:00', '19:35:00', 19, '83040232798'),
('2018-11-04', '20:00:00', '21:30:00', 2, '91103111832'),
('2018-11-04', '18:00:00', '20:00:00', 9, '69120818917'),
('2018-11-04', '19:00:00', '19:45:00', 16, '80082936525'),
('2018-11-04', '17:00:00', '18:00:00', 11, '79051566610'),
('2018-11-04', '18:45:00', '19:45:00', 7, '79052162464'),
('2018-11-04', '18:45:00', '19:30:00', 3, '81072675910'),
('2018-11-04', '18:45:00', '19:30:00', 25, '91080777867'),
('2018-11-05', '20:30:00', '23:00:00', 14, '75071778477'),
('2018-11-05', '16:00:00', '16:45:00', 25, '67101888089'),
('2018-11-05', '19:00:00', '21:30:00', 14, '68010634532'),
('2018-11-05', '16:00:00', '16:45:00', 13, '75111867316'),
('2018-11-05', '20:00:00', '22:00:00', 15, '81071092233'),
('2018-11-05', '20:30:00', '21:30:00', 26, '92010762609'),
('2018-11-05', '19:00:00', '21:00:00', 15, '63030872779'),
('2018-11-06', '19:00:00', '20:00:00', 4, '77021449064'),
('2018-11-06', '20:00:00', '22:00:00', 15, '71111293212'),
('2018-11-06', '16:30:00', '19:00:00', 14, '84032612756'),
('2018-11-06', '20:45:00', '22:15:00', 2, '91091314554'),
('2018-11-06', '20:00:00', '21:00:00', 10, '75040642244'),
('2018-11-06', '19:00:00', '19:45:00', 16, '70021574202'),
('2018-11-06', '19:45:00', '20:30:00', 17, '80091255745'),
('2018-11-06', '17:30:00', '18:15:00', 17, '75040642244'),
('2018-11-06', '16:30:00', '19:00:00', 14, '69120818917'),
('2018-11-06', '19:00:00', '19:45:00', 13, '96082456169'),
('2018-11-06', '19:30:00', '20:20:00', 19, '71070846711'),
('2018-11-07', '20:00:00', '21:00:00', 5, '94032111339'),
('2018-11-07', '17:00:00', '18:00:00', 11, '77021449064'),
('2018-11-07', '20:30:00', '23:00:00', 14, '80063050611'),
('2018-11-07', '20:30:00', '21:15:00', 13, '89073075463'),
('2018-11-07', '19:30:00', '20:20:00', 19, '96081099358'),
('2018-11-07', '18:45:00', '19:30:00', 5, '90071048687'),
('2018-11-07', '17:00:00', '18:00:00', 10, '90011047109'),
('2018-11-07', '17:00:00', '19:00:00', 12, '81111358204'),
('2018-11-07', '20:00:00', '21:00:00', 24, '98010881962'),
('2018-11-07', '20:30:00', '22:30:00', 9, '83041762623'),
('2018-11-07', '20:00:00', '20:45:00', 8, '59121254845'),
('2018-11-07', '19:00:00', '20:00:00', 24, '97062640145'),
('2018-11-07', '20:00:00', '20:45:00', 5, '87062086333'),
('2018-11-07', '19:00:00', '21:00:00', 12, '92110661765'),
('2018-11-07', '19:30:00', '20:30:00', 26, '97061261282'),
('2018-11-07', '20:00:00', '21:00:00', 21, '74060969953'),
('2018-11-08', '20:00:00', '22:00:00', 15, '83061750156'),
('2018-11-08', '19:45:00', '21:45:00', 15, '95110862679'),
('2018-11-08', '20:00:00', '21:00:00', 11, '87121181946'),
('2018-11-08', '19:30:00', '20:00:00', 1, '70021574202'),
('2018-11-08', '16:00:00', '17:30:00', 6, '90011047109'),
('2018-11-08', '16:00:00', '18:00:00', 15, '83020982950'),
('2018-11-08', '16:30:00', '18:30:00', 15, '66022017983'),
('2018-11-08', '19:30:00', '20:00:00', 1, '99121824301'),
('2018-11-08', '20:30:00', '21:15:00', 3, '00220396736'),
('2018-11-08', '17:00:00', '17:45:00', 16, '94082877603'),
('2018-11-08', '20:00:00', '21:30:00', 7, '78033117532'),
('2018-11-08', '18:45:00', '21:15:00', 14, '98010996356'),
('2018-11-08', '18:45:00', '21:15:00', 14, '90071594539'),
('2018-11-08', '19:45:00', '20:35:00', 19, '88081454071'),
('2018-11-08', '17:00:00', '18:00:00', 11, '81120464998'),
('2018-11-08', '18:45:00', '19:30:00', 25, '75020256913'),
('2018-11-09', '16:00:00', '16:45:00', 8, '82040646116'),
('2018-11-09', '16:30:00', '18:00:00', 2, '77022270175'),
('2018-11-09', '20:30:00', '21:30:00', 7, '74090680952'),
('2018-11-09', '17:15:00', '19:45:00', 14, '74060969953'),
('2018-11-09', '20:00:00', '20:45:00', 25, '87090865078'),
('2018-11-09', '17:00:00', '18:30:00', 2, '83040232798'),
('2018-11-09', '16:00:00', '16:45:00', 13, '94110383957'),
('2018-11-09', '20:00:00', '21:30:00', 7, '89051965791'),
('2018-11-09', '16:00:00', '18:00:00', 15, '00220396736'),
('2018-11-09', '20:30:00', '21:15:00', 5, '91050832765'),
('2018-11-09', '20:30:00', '22:00:00', 6, '92050657479'),
('2018-11-09', '19:30:00', '20:15:00', 3, '89072858597'),
('2018-11-09', '20:00:00', '20:45:00', 8, '01301144688'),
('2018-11-09', '20:00:00', '22:30:00', 14, '01271948491'),
('2018-11-10', '20:00:00', '20:45:00', 8, '92050657479'),
('2018-11-10', '18:45:00', '20:15:00', 20, '73102055173'),
('2018-11-10', '16:00:00', '17:30:00', 2, '00312447739'),
('2018-11-10', '19:00:00', '19:50:00', 19, '68010634532'),
('2018-11-10', '18:45:00', '19:45:00', 7, '69072710172'),
('2018-11-10', '17:00:00', '18:00:00', 11, '87090865078'),
('2018-11-10', '20:00:00', '21:00:00', 5, '61120859464'),
('2018-11-10', '19:30:00', '22:00:00', 14, '81030746177'),
('2018-11-10', '16:00:00', '17:00:00', 24, '94032111339'),
('2018-11-10', '20:00:00', '21:00:00', 24, '89072858597'),
('2018-11-10', '20:00:00', '21:00:00', 26, '70021574202'),
('2018-11-11', '16:00:00', '17:00:00', 21, '93111321638'),
('2018-11-11', '19:00:00', '20:30:00', 20, '96042743290'),
('2018-11-11', '20:30:00', '21:15:00', 16, '95111093160'),
('2018-11-11', '19:45:00', '21:15:00', 7, '87062086333'),
('2018-11-11', '16:00:00', '16:50:00', 19, '90120447577'),
('2018-11-11', '20:00:00', '22:30:00', 14, '80032927955'),
('2018-11-11', '20:00:00', '22:00:00', 15, '98061785789'),
('2018-11-11', '18:00:00', '19:30:00', 6, '85040186862'),
('2018-11-11', '17:00:00', '17:45:00', 17, '62011052982'),
('2018-11-12', '18:45:00', '19:45:00', 24, '80052785782'),
('2018-11-12', '16:00:00', '16:45:00', 3, '91103111832'),
('2018-11-12', '18:45:00', '19:45:00', 11, '85081541903'),
('2018-11-12', '20:00:00', '20:45:00', 8, '83030713018'),
('2018-11-12', '19:30:00', '21:30:00', 15, '86052090714'),
('2018-11-12', '16:00:00', '17:00:00', 11, '92050657479'),
('2018-11-12', '18:45:00', '19:45:00', 11, '85061849221'),
('2018-11-12', '16:00:00', '16:45:00', 3, '98010996356'),
('2018-11-12', '19:00:00', '19:45:00', 16, '98061785789'),
('2018-11-13', '16:00:00', '17:00:00', 10, '59121254845'),
('2018-11-13', '20:00:00', '21:15:00', 22, '78033117532'),
('2018-11-13', '16:30:00', '19:00:00', 14, '92110661765'),
('2018-11-13', '19:00:00', '19:45:00', 8, '87062086333'),
('2018-11-13', '20:30:00', '21:15:00', 16, '80032927955'),
('2018-11-13', '20:30:00', '21:20:00', 19, '77102111394'),
('2018-11-13', '17:30:00', '20:00:00', 14, '77070796384'),
('2018-11-13', '20:00:00', '22:00:00', 15, '83020982950'),
('2018-11-13', '19:30:00', '21:00:00', 6, '01271948491'),
('2018-11-13', '17:00:00', '18:00:00', 24, '97081619346'),
('2018-11-13', '18:45:00', '21:15:00', 14, '94112589931'),
('2018-11-13', '19:30:00', '20:40:00', 23, '62011052982'),
('2018-11-13', '20:00:00', '21:00:00', 4, '91052873780'),
('2018-11-13', '20:00:00', '22:30:00', 14, '70021574202'),
('2018-11-14', '19:00:00', '21:00:00', 15, '71070846711'),
('2018-11-14', '17:00:00', '17:45:00', 3, '89052322441'),
('2018-11-14', '20:00:00', '22:00:00', 9, '79051566610'),
('2018-11-14', '20:00:00', '20:45:00', 13, '93030113251'),
('2018-11-14', '20:00:00', '20:45:00', 25, '64061372360'),
('2018-11-14', '20:00:00', '22:00:00', 12, '94032111339'),
('2018-11-14', '18:45:00', '19:45:00', 10, '97080131708'),
('2018-11-15', '20:00:00', '21:30:00', 2, '73050978537'),
('2018-11-15', '17:00:00', '17:45:00', 5, '91022421942'),
('2018-11-15', '20:00:00', '21:00:00', 21, '61120859464'),
('2018-11-15', '16:00:00', '17:30:00', 20, '70021574202'),
('2018-11-15', '16:30:00', '17:45:00', 22, '74091264258'),
('2018-11-15', '16:00:00', '17:00:00', 21, '71070846711'),
('2018-11-15', '20:00:00', '22:00:00', 12, '62011052982'),
('2018-11-15', '20:00:00', '22:00:00', 9, '01271948491'),
('2018-11-15', '18:45:00', '20:45:00', 15, '88032884997'),
('2018-11-15', '20:00:00', '20:50:00', 19, '81072675910'),
('2018-11-15', '17:00:00', '18:10:00', 23, '98010881962'),
('2018-11-16', '20:00:00', '21:00:00', 11, '79041379857'),
('2018-11-16', '20:00:00', '21:30:00', 7, '77021449064'),
('2018-11-16', '20:30:00', '21:30:00', 21, '68010634532'),
('2018-11-16', '17:00:00', '17:45:00', 13, '94110383957'),
('2018-11-16', '20:00:00', '21:30:00', 2, '92112377396'),
('2018-11-16', '19:30:00', '20:30:00', 4, '90071048687'),
('2018-11-16', '18:45:00', '20:45:00', 12, '73042042642'),
('2018-11-16', '20:30:00', '21:30:00', 5, '00211486684'),
('2018-11-16', '18:45:00', '19:30:00', 25, '95122362499'),
('2018-11-16', '17:15:00', '18:15:00', 11, '78102259510'),
('2018-11-16', '20:00:00', '20:45:00', 8, '88060633398'),
('2018-11-17', '16:00:00', '17:00:00', 7, '82092387166'),
('2018-11-17', '20:30:00', '21:15:00', 8, '95013062448'),
('2018-11-17', '20:00:00', '21:30:00', 2, '86122554131'),
('2018-11-17', '18:00:00', '18:45:00', 16, '82040646116'),
('2018-11-17', '17:00:00', '18:00:00', 24, '81061911438'),
('2018-11-17', '20:00:00', '22:00:00', 9, '00220396736'),
('2018-11-17', '19:00:00', '20:30:00', 20, '92112377396'),
('2018-11-17', '19:45:00', '21:45:00', 9, '78012267960'),
('2018-11-17', '20:30:00', '21:15:00', 8, '75071778477'),
('2018-11-18', '17:00:00', '19:30:00', 14, '85061849221'),
('2018-11-18', '16:00:00', '17:00:00', 26, '92052540982'),
('2018-11-18', '16:15:00', '17:05:00', 19, '91122080296'),
('2018-11-18', '16:00:00', '17:00:00', 18, '96121059001'),
('2018-11-18', '20:30:00', '21:30:00', 21, '81123072981'),
('2018-11-18', '20:00:00', '22:30:00', 14, '90011047109'),
('2018-11-18', '18:45:00', '19:30:00', 3, '61120859464'),
('2018-11-18', '18:45:00', '20:45:00', 15, '85081541903'),
('2018-11-18', '16:00:00', '18:00:00', 12, '89011284779'),
('2018-11-18', '16:00:00', '17:15:00', 22, '90071048687'),
('2018-11-18', '20:00:00', '20:45:00', 16, '83041762623'),
('2018-11-18', '20:00:00', '22:00:00', 15, '01291479054'),
('2018-11-18', '20:30:00', '21:15:00', 17, '87062750948'),
('2018-11-18', '19:00:00', '21:00:00', 15, '88032151088'),
('2018-11-18', '20:30:00', '22:30:00', 15, '83020982950'),
('2018-11-19', '20:30:00', '21:45:00', 22, '85061169747'),
('2018-11-19', '19:00:00', '21:00:00', 9, '69120818917'),
('2018-11-19', '19:30:00', '21:30:00', 12, '59121254845'),
('2018-11-19', '20:30:00', '23:00:00', 14, '83071577958'),
('2018-11-19', '19:30:00', '20:45:00', 22, '92041895143'),
('2018-11-19', '19:00:00', '20:30:00', 6, '82053154042'),
('2018-11-19', '19:00:00', '19:50:00', 19, '94112589931'),
('2018-11-19', '09:45:00', '11:15:00', 6, '82092387166'),
('2018-11-19', '20:30:00', '22:30:00', 15, '64061372360'),
('2018-11-19', '17:00:00', '19:00:00', 9, '96091727423'),
('2018-11-19', '20:00:00', '20:45:00', 8, '94082877603'),
('2018-11-19', '19:00:00', '19:45:00', 8, '80052785782'),
('2018-11-19', '16:00:00', '16:45:00', 17, '86012615683'),
('2018-11-20', '18:45:00', '19:30:00', 16, '92010762609'),
('2018-11-20', '16:30:00', '18:30:00', 15, '88041490754'),
('2018-11-20', '16:30:00', '18:00:00', 6, '83040232798'),
('2018-11-20', '16:00:00', '16:50:00', 19, '89011284779'),
('2018-11-20', '20:00:00', '22:00:00', 9, '79051566610'),
('2018-11-21', '17:15:00', '18:15:00', 5, '82031633910'),
('2018-11-21', '17:15:00', '18:15:00', 21, '76082244612'),
('2018-11-21', '18:45:00', '20:00:00', 22, '80052785782'),
('2018-11-21', '16:00:00', '16:45:00', 13, '84080569574'),
('2018-11-21', '19:30:00', '20:30:00', 4, '82092387166'),
('2018-11-21', '19:30:00', '21:30:00', 15, '79051566610'),
('2018-11-21', '17:00:00', '19:30:00', 14, '92041895143'),
('2018-11-21', '20:00:00', '20:45:00', 3, '90071048687'),
('2018-11-21', '20:00:00', '20:50:00', 19, '83071577958'),
('2018-11-21', '18:00:00', '20:00:00', 12, '00221216048'),
('2018-11-22', '20:00:00', '20:45:00', 3, '83071577958'),
('2018-11-22', '17:30:00', '19:30:00', 9, '87121110791'),
('2018-11-22', '20:00:00', '22:00:00', 15, '79051566610'),
('2018-11-22', '18:45:00', '19:45:00', 24, '81061911438'),
('2018-11-22', '19:00:00', '19:45:00', 25, '83061750156'),
('2018-11-22', '19:30:00', '21:00:00', 20, '98061785789'),
('2018-11-22', '16:00:00', '16:50:00', 19, '83030713018'),
('2018-11-22', '20:15:00', '21:00:00', 5, '71070846711'),
('2018-11-22', '16:00:00', '16:45:00', 13, '68010634532'),
('2018-11-22', '18:00:00', '20:00:00', 15, '83020982950'),
('2018-11-23', '16:15:00', '17:00:00', 13, '74051070044'),
('2018-11-23', '17:15:00', '18:00:00', 25, '90100532222'),
('2018-11-23', '17:00:00', '18:00:00', 21, '83070774646'),
('2018-11-23', '03:45:00', '04:45:00', 11, '78033117532'),
('2018-11-23', '16:00:00', '16:45:00', 5, '88041490754'),
('2018-11-23', '18:45:00', '20:15:00', 20, '01271948491'),
('2018-11-23', '20:00:00', '22:00:00', 12, '89051965791'),
('2018-11-23', '17:00:00', '18:00:00', 5, '85061849221'),
('2018-11-23', '20:00:00', '22:00:00', 15, '70021574202'),
('2018-11-24', '20:00:00', '20:45:00', 5, '98052514170'),
('2018-11-24', '19:30:00', '20:30:00', 7, '81041832832'),
('2018-11-24', '16:00:00', '17:00:00', 18, '87042098442'),
('2018-11-24', '17:00:00', '17:45:00', 25, '96021654296'),
('2018-11-24', '17:00:00', '19:00:00', 15, '81120464998'),
('2018-11-24', '20:30:00', '21:30:00', 10, '77070796384'),
('2018-11-24', '20:00:00', '21:30:00', 6, '92110661765');
INSERT INTO `rejestr_aktywnosci` (`Data`, `Godzina_rozp`, `Godzina_zak`, `ID_aktywnosci`, `PESEL`) VALUES
('2018-11-24', '19:30:00', '21:00:00', 20, '84111592168'),
('2018-11-24', '19:00:00', '21:30:00', 14, '73033059121'),
('2018-11-24', '19:00:00', '20:00:00', 26, '82092143609'),
('2018-11-25', '19:30:00', '20:15:00', 16, '87042098442'),
('2018-11-25', '16:00:00', '17:15:00', 22, '80032927955'),
('2018-11-25', '20:30:00', '22:00:00', 2, '78102259510'),
('2018-11-25', '16:00:00', '17:00:00', 18, '81111358204'),
('2018-11-25', '20:00:00', '21:00:00', 24, '82040646116'),
('2018-11-25', '20:00:00', '20:45:00', 16, '74091264258'),
('2018-11-25', '19:45:00', '20:30:00', 16, '98052514170'),
('2018-11-26', '17:00:00', '19:00:00', 15, '72092468930'),
('2018-11-26', '20:15:00', '21:15:00', 18, '80082936525'),
('2018-11-26', '17:00:00', '19:00:00', 15, '86061622153'),
('2018-11-26', '16:30:00', '17:30:00', 18, '87052520227'),
('2018-11-26', '20:30:00', '22:30:00', 12, '79052162464'),
('2018-11-26', '18:45:00', '19:30:00', 5, '65081474702'),
('2018-11-26', '19:45:00', '21:45:00', 9, '94100739689'),
('2018-11-26', '16:30:00', '17:30:00', 21, '96082456169'),
('2018-11-26', '20:30:00', '21:15:00', 13, '61120859464'),
('2018-11-26', '18:45:00', '19:45:00', 21, '86012615683'),
('2018-11-27', '20:30:00', '22:00:00', 6, '92050657479'),
('2018-11-27', '18:45:00', '19:30:00', 16, '88020643885'),
('2018-11-27', '17:30:00', '19:00:00', 6, '85080910544'),
('2018-11-27', '20:30:00', '22:30:00', 9, '88032884997'),
('2018-11-27', '20:30:00', '23:00:00', 14, '82031633910'),
('2018-11-27', '20:00:00', '20:45:00', 5, '70021574202'),
('2018-11-27', '16:30:00', '17:30:00', 24, '93111321638'),
('2018-11-27', '18:00:00', '20:30:00', 14, '79041379857'),
('2018-11-27', '20:00:00', '22:00:00', 15, '82040646116'),
('2018-11-27', '18:00:00', '20:30:00', 14, '72092076469'),
('2018-11-27', '20:00:00', '21:00:00', 24, '81111358204'),
('2018-11-27', '19:45:00', '20:45:00', 26, '87121181946'),
('2018-11-27', '16:00:00', '17:30:00', 2, '74090680952'),
('2018-11-28', '17:15:00', '19:15:00', 15, '87062750948'),
('2018-11-28', '19:00:00', '20:30:00', 7, '74051070044'),
('2018-11-28', '10:45:00', '12:45:00', 15, '72092468930'),
('2018-11-28', '20:00:00', '22:00:00', 9, '83040314845'),
('2018-11-28', '20:30:00', '22:00:00', 2, '81030746177'),
('2018-11-28', '18:45:00', '19:55:00', 23, '64061372360'),
('2018-11-28', '17:00:00', '18:30:00', 7, '80112885740'),
('2018-11-29', '16:30:00', '18:30:00', 12, '96091727423'),
('2018-11-29', '16:00:00', '16:45:00', 13, '80063050611'),
('2018-11-29', '18:45:00', '19:55:00', 23, '79052922062'),
('2018-11-29', '20:00:00', '21:00:00', 4, '85040186862'),
('2018-11-29', '20:00:00', '20:50:00', 19, '77022270175'),
('2018-11-29', '19:00:00', '20:00:00', 21, '80052442601'),
('2018-11-29', '20:00:00', '21:30:00', 20, '78033117532'),
('2018-11-29', '19:00:00', '19:50:00', 19, '84062618311'),
('2018-11-29', '13:45:00', '14:30:00', 16, '64061372360'),
('2018-11-29', '17:00:00', '19:00:00', 9, '92010762609'),
('2018-11-30', '20:30:00', '23:00:00', 14, '92112377396'),
('2018-11-30', '20:00:00', '20:45:00', 13, '70021574202'),
('2018-11-30', '20:00:00', '21:00:00', 21, '93102278884'),
('2018-11-30', '20:00:00', '21:00:00', 11, '87121110791'),
('2018-11-30', '16:00:00', '16:30:00', 1, '82011292429'),
('2018-11-30', '20:30:00', '23:00:00', 14, '99121573571'),
('2018-11-30', '20:00:00', '22:00:00', 12, '89061122722'),
('2018-12-01', '17:00:00', '19:30:00', 14, '59121254845'),
('2018-12-01', '17:00:00', '17:45:00', 3, '74060969953'),
('2018-12-01', '20:00:00', '22:00:00', 12, '93030113251'),
('2018-12-01', '20:30:00', '23:00:00', 14, '81112342280'),
('2018-12-01', '17:00:00', '18:00:00', 26, '82092387166'),
('2018-12-01', '16:00:00', '17:00:00', 7, '62011052982'),
('2018-12-01', '20:00:00', '20:45:00', 5, '87042098442'),
('2018-12-01', '19:30:00', '20:30:00', 24, '83061750156'),
('2018-12-01', '18:45:00', '20:15:00', 2, '80063050611'),
('2018-12-01', '16:00:00', '17:30:00', 20, '79041379857'),
('2018-12-02', '20:15:00', '21:00:00', 14, '77021449064'),
('2018-12-02', '18:45:00', '20:45:00', 15, '83041762623'),
('2018-12-02', '17:15:00', '19:15:00', 15, '91091314554'),
('2018-12-02', '20:30:00', '21:40:00', 23, '76071328228'),
('2018-12-02', '17:00:00', '18:00:00', 4, '83040314845'),
('2018-12-02', '19:30:00', '20:30:00', 24, '83020982950'),
('2018-12-02', '17:00:00', '18:30:00', 20, '92090866233'),
('2018-12-02', '19:30:00', '21:00:00', 20, '88020643885'),
('2018-12-02', '18:45:00', '19:30:00', 5, '87090865078'),
('2018-12-02', '19:30:00', '21:30:00', 12, '91103111832'),
('2018-12-02', '20:00:00', '20:45:00', 13, '83030713018'),
('2018-12-02', '17:00:00', '18:00:00', 7, '89021968180'),
('2018-12-03', '17:00:00', '18:00:00', 14, '65081474702'),
('2018-12-03', '20:00:00', '21:15:00', 22, '84032612756'),
('2018-12-03', '20:30:00', '21:40:00', 23, '73042042642'),
('2018-12-03', '20:00:00', '21:00:00', 26, '78012267960'),
('2018-12-03', '17:15:00', '18:45:00', 6, '96091727423'),
('2018-12-03', '16:00:00', '17:00:00', 14, '86030715967'),
('2018-12-03', '18:45:00', '20:45:00', 15, '83122155515'),
('2018-12-03', '17:00:00', '18:00:00', 24, '99071947484'),
('2018-12-03', '20:00:00', '22:00:00', 9, '80121119944'),
('2018-12-03', '20:30:00', '22:30:00', 14, '67101888089'),
('2018-12-03', '20:00:00', '22:00:00', 9, '90081986803'),
('2018-12-16', '17:15:00', '18:00:00', 3, '00211486684'),
('2018-12-04', '18:45:00', '19:45:00', 10, '01301144688'),
('2018-12-04', '19:30:00', '20:30:00', 5, '89021968180'),
('2018-12-04', '20:00:00', '21:00:00', 11, '74090680952'),
('2018-12-04', '16:00:00', '17:00:00', 10, '76071328228'),
('2018-12-04', '20:30:00', '21:15:00', 3, '84111592168'),
('2018-12-05', '19:30:00', '20:30:00', 7, '80052442601'),
('2018-12-05', '18:45:00', '19:15:00', 1, '92121746006'),
('2018-12-05', '20:30:00', '21:00:00', 1, '94082877603'),
('2018-12-05', '20:00:00', '20:45:00', 3, '96091727423'),
('2018-12-05', '19:00:00', '20:00:00', 10, '88020643885'),
('2018-12-05', '19:00:00', '20:30:00', 6, '91103111832'),
('2018-12-05', '18:45:00', '19:30:00', 3, '74091264258'),
('2018-12-05', '17:00:00', '18:30:00', 6, '86030715967'),
('2018-12-05', '17:30:00', '19:30:00', 9, '80111769711'),
('2018-12-05', '16:15:00', '18:45:00', 14, '00312447739'),
('2018-12-05', '20:30:00', '21:30:00', 4, '79052162464'),
('2018-12-05', '16:00:00', '17:00:00', 24, '94100739689'),
('2018-12-06', '19:00:00', '19:50:00', 19, '96050556875'),
('2018-12-06', '17:00:00', '19:00:00', 9, '81030746177'),
('2018-12-06', '19:00:00', '20:30:00', 20, '80082936525'),
('2018-12-06', '20:30:00', '21:30:00', 5, '74051070044'),
('2018-12-06', '16:00:00', '17:00:00', 7, '88041490754'),
('2018-12-06', '16:00:00', '17:00:00', 11, '95111093160'),
('2018-12-06', '20:00:00', '22:00:00', 15, '91091314554'),
('2018-12-06', '19:30:00', '20:30:00', 7, '85061169747'),
('2018-12-07', '17:15:00', '18:15:00', 11, '95111093160'),
('2018-12-07', '18:45:00', '20:45:00', 12, '98052514170'),
('2018-12-07', '19:00:00', '19:45:00', 8, '92101975525'),
('2018-12-07', '19:30:00', '20:15:00', 16, '92110661765'),
('2018-12-07', '19:00:00', '20:15:00', 22, '84111592168'),
('2018-12-07', '16:00:00', '17:00:00', 24, '80112885740'),
('2018-12-07', '20:00:00', '21:00:00', 11, '89021968180'),
('2018-12-07', '17:00:00', '19:00:00', 15, '66022017983'),
('2018-12-08', '20:30:00', '21:15:00', 13, '98052514170'),
('2018-12-08', '20:30:00', '22:30:00', 14, '70080914919'),
('2018-12-08', '20:00:00', '20:45:00', 13, '01230712857'),
('2018-12-08', '20:00:00', '20:45:00', 8, '83122155515'),
('2018-12-08', '16:30:00', '18:00:00', 6, '85061849221'),
('2018-12-08', '20:00:00', '21:30:00', 2, '97052873850'),
('2018-12-08', '17:00:00', '19:00:00', 9, '90050968982'),
('2018-12-08', '19:30:00', '21:00:00', 20, '83020982950'),
('2018-12-08', '19:00:00', '21:00:00', 12, '86021379938'),
('2018-12-08', '19:45:00', '20:45:00', 26, '81112342280'),
('2018-12-08', '20:30:00', '22:30:00', 14, '95013062448'),
('2018-12-08', '17:00:00', '18:00:00', 24, '95091183893'),
('2018-12-08', '16:00:00', '17:00:00', 18, '75040642244'),
('2018-12-08', '17:15:00', '18:15:00', 5, '96121059001'),
('2018-12-08', '19:30:00', '21:00:00', 20, '69120818917'),
('2018-12-08', '16:00:00', '16:45:00', 17, '77070796384'),
('2018-12-08', '19:00:00', '20:00:00', 26, '70021574202'),
('2018-12-28', '20:00:00', '22:00:00', 15, '00211486684'),
('2018-12-08', '19:00:00', '20:00:00', 7, '80052442601'),
('2018-12-08', '20:30:00', '21:30:00', 24, '94110383957'),
('2018-12-08', '20:30:00', '22:30:00', 15, '77022270175'),
('2018-12-08', '17:00:00', '17:45:00', 17, '92041895143'),
('2018-12-09', '16:00:00', '17:00:00', 18, '82092143609'),
('2018-12-09', '16:00:00', '18:00:00', 15, '84031414595'),
('2018-12-09', '20:30:00', '22:30:00', 15, '76012093493'),
('2018-12-09', '17:30:00', '18:15:00', 13, '93081880566'),
('2018-12-09', '16:15:00', '17:15:00', 10, '98010881962'),
('2018-12-09', '20:00:00', '21:00:00', 26, '91050832765'),
('2018-12-09', '19:00:00', '20:00:00', 11, '63030872779'),
('2018-12-09', '20:30:00', '21:45:00', 22, '83040232798'),
('2018-12-09', '20:00:00', '21:10:00', 23, '74051070044'),
('2018-12-09', '18:45:00', '19:30:00', 25, '96041655459'),
('2018-12-09', '20:00:00', '22:30:00', 14, '74090680952'),
('2018-12-10', '16:00:00', '18:00:00', 9, '76071328228'),
('2018-12-10', '16:30:00', '17:40:00', 23, '94082877603'),
('2018-12-10', '18:45:00', '19:45:00', 18, '93102278884'),
('2018-12-10', '20:30:00', '21:30:00', 18, '70021574202'),
('2018-12-10', '16:00:00', '17:00:00', 26, '84080419800'),
('2018-12-10', '18:45:00', '19:30:00', 5, '81111358204'),
('2018-12-10', '18:00:00', '19:00:00', 18, '80121119944'),
('2018-12-10', '18:45:00', '19:45:00', 5, '85061169747'),
('2018-12-29', '17:30:00', '18:40:00', 23, '00211486684'),
('2018-12-10', '16:30:00', '17:30:00', 24, '75040642244'),
('2018-12-10', '19:00:00', '20:00:00', 4, '84111592168'),
('2018-12-10', '20:00:00', '22:00:00', 15, '76082244612'),
('2018-12-10', '19:00:00', '19:45:00', 13, '86061622153'),
('2018-12-11', '20:30:00', '22:30:00', 14, '86122554131'),
('2018-12-11', '17:00:00', '18:00:00', 18, '72092076469'),
('2018-12-11', '19:00:00', '20:10:00', 23, '62011052982'),
('2018-12-11', '16:00:00', '16:45:00', 16, '93081880566'),
('2018-12-11', '18:45:00', '21:15:00', 14, '91091314554'),
('2018-12-11', '16:00:00', '18:30:00', 14, '87121181946'),
('2018-12-11', '20:30:00', '21:30:00', 5, '98061785789'),
('2018-12-11', '20:00:00', '22:00:00', 15, '92112377396'),
('2018-12-11', '20:00:00', '22:00:00', 12, '64061372360'),
('2018-12-11', '20:30:00', '22:00:00', 2, '83071577958'),
('2018-12-11', '16:00:00', '17:00:00', 7, '89110296013'),
('2018-12-11', '20:30:00', '21:15:00', 3, '81120464998'),
('2018-12-11', '19:00:00', '20:00:00', 21, '97061261282'),
('2018-12-11', '19:00:00', '19:50:00', 19, '96042743290'),
('2018-12-11', '17:15:00', '19:45:00', 14, '77102111394'),
('2018-12-11', '19:00:00', '21:00:00', 12, '94082877603'),
('2018-12-11', '19:00:00', '21:30:00', 14, '88060633398'),
('2018-12-12', '17:00:00', '18:00:00', 7, '97052873850'),
('2018-12-12', '20:00:00', '22:30:00', 14, '86061622153'),
('2018-12-12', '16:30:00', '17:40:00', 23, '96121059001'),
('2018-12-12', '19:30:00', '21:30:00', 15, '74090680952'),
('2018-12-12', '19:45:00', '20:30:00', 25, '91080777867'),
('2018-12-12', '19:00:00', '19:45:00', 16, '89072858597'),
('2018-12-12', '16:30:00', '17:20:00', 19, '75071778477'),
('2018-12-12', '17:00:00', '17:50:00', 19, '88041490754'),
('2018-12-12', '20:00:00', '20:30:00', 1, '87052520227'),
('2018-12-12', '20:30:00', '22:30:00', 14, '91091521428'),
('2018-12-12', '19:00:00', '20:00:00', 26, '82111668069'),
('2018-12-13', '16:00:00', '16:45:00', 17, '91022421942'),
('2018-12-13', '16:30:00', '17:30:00', 24, '99121573571'),
('2018-12-13', '19:30:00', '20:45:00', 22, '72092076469'),
('2018-12-13', '19:00:00', '21:00:00', 15, '75111867316'),
('2018-12-13', '20:00:00', '21:00:00', 7, '94110383957'),
('2018-12-13', '16:00:00', '16:45:00', 13, '99071947484'),
('2018-12-13', '18:45:00', '19:45:00', 26, '82121356705'),
('2018-12-13', '16:00:00', '16:45:00', 16, '60042129602'),
('2018-12-13', '20:30:00', '21:30:00', 21, '95111093160'),
('2018-12-13', '20:00:00', '22:00:00', 15, '86012615683'),
('2018-12-13', '20:00:00', '21:00:00', 4, '98061785789'),
('2018-12-13', '20:00:00', '21:00:00', 5, '80052785782'),
('2018-12-13', '17:00:00', '19:00:00', 9, '84061632305'),
('2018-12-13', '16:00:00', '17:10:00', 23, '93081880566'),
('2018-12-13', '20:30:00', '22:30:00', 14, '95091183893'),
('2018-12-13', '20:15:00', '22:15:00', 12, '95013062448'),
('2018-12-14', '17:15:00', '18:45:00', 6, '87121110791'),
('2018-12-14', '20:00:00', '21:15:00', 22, '83071577958'),
('2018-12-14', '20:00:00', '22:30:00', 14, '99120927319'),
('2018-12-14', '20:00:00', '21:00:00', 7, '96081099358'),
('2018-12-14', '17:15:00', '18:15:00', 10, '73033059121'),
('2018-12-14', '20:00:00', '20:45:00', 17, '80052785782'),
('2018-12-14', '18:00:00', '18:45:00', 5, '99121573571'),
('2018-12-14', '20:00:00', '21:00:00', 24, '90071048687'),
('2018-12-14', '19:30:00', '20:30:00', 11, '81111358204'),
('2018-12-15', '20:00:00', '21:30:00', 6, '90011047109'),
('2018-12-15', '19:00:00', '20:00:00', 26, '90071262308'),
('2018-12-15', '20:00:00', '20:45:00', 5, '84080569574'),
('2018-12-15', '20:00:00', '21:15:00', 22, '75071778477'),
('2018-12-15', '17:00:00', '18:00:00', 21, '60042129602'),
('2018-12-15', '19:00:00', '20:00:00', 24, '82040646116'),
('2018-12-15', '20:30:00', '22:30:00', 9, '86021379938'),
('2018-12-15', '20:00:00', '20:45:00', 17, '01303192726'),
('2018-12-15', '17:00:00', '17:45:00', 25, '83020982950'),
('2018-12-15', '16:00:00', '18:00:00', 15, '74060969953'),
('2018-12-15', '19:00:00', '20:00:00', 21, '62011052982'),
('2018-12-16', '16:00:00', '16:45:00', 25, '80111769711'),
('2018-12-16', '20:30:00', '22:30:00', 9, '86030715967'),
('2018-12-16', '16:00:00', '17:00:00', 18, '78012267960'),
('2018-12-16', '16:00:00', '16:45:00', 25, '72092468930'),
('2018-12-16', '20:30:00', '21:15:00', 25, '83040314845'),
('2018-12-16', '17:15:00', '18:15:00', 21, '91091521428'),
('2018-12-16', '16:00:00', '18:00:00', 9, '96091727423'),
('2018-12-16', '19:00:00', '21:00:00', 12, '97081619346'),
('2018-12-16', '20:30:00', '22:00:00', 6, '84111592168'),
('2018-12-16', '19:00:00', '19:45:00', 25, '83122155515'),
('2018-12-08', '19:00:00', '21:30:00', 14, '00220396736'),
('2018-12-16', '18:00:00', '20:00:00', 12, '74091264258'),
('2018-12-10', '20:00:00', '22:00:00', 15, '00220396736'),
('2018-12-17', '20:30:00', '21:20:00', 19, '90120447577'),
('2018-12-17', '16:15:00', '17:15:00', 11, '94082877603'),
('2018-12-17', '19:00:00', '20:30:00', 20, '95091183893'),
('2018-12-17', '19:00:00', '20:00:00', 26, '62011052982'),
('2018-12-17', '20:00:00', '21:00:00', 7, '95110862679'),
('2018-12-17', '20:00:00', '22:00:00', 15, '79052922062'),
('2018-12-17', '20:00:00', '21:00:00', 21, '90011047109'),
('2018-12-17', '20:00:00', '20:45:00', 8, '97052873850'),
('2018-12-17', '19:30:00', '20:15:00', 25, '85061849221'),
('2018-12-17', '18:45:00', '20:45:00', 9, '84061632305'),
('2018-12-17', '16:00:00', '17:00:00', 7, '86052090714'),
('2018-12-18', '20:00:00', '22:00:00', 15, '80032927955'),
('2018-12-18', '11:45:00', '14:15:00', 14, '89051965791'),
('2018-12-18', '20:30:00', '22:30:00', 14, '83040314845'),
('2018-12-18', '18:45:00', '20:45:00', 12, '75111867316'),
('2018-12-18', '16:15:00', '17:15:00', 24, '85040186862'),
('2018-12-18', '20:00:00', '22:00:00', 15, '96042743290'),
('2018-12-18', '19:00:00', '21:30:00', 14, '97080131708'),
('2018-12-18', '20:00:00', '21:30:00', 20, '96081099358'),
('2018-12-18', '18:45:00', '19:30:00', 16, '70080914919'),
('2018-12-19', '16:00:00', '16:45:00', 16, '00220396736'),
('2018-12-19', '20:30:00', '22:30:00', 15, '95110862679'),
('2018-12-19', '20:30:00', '23:00:00', 14, '67101888089'),
('2018-12-19', '20:30:00', '22:30:00', 14, '88041490754'),
('2018-12-19', '19:30:00', '20:15:00', 13, '92121746006'),
('2018-12-19', '19:00:00', '20:00:00', 26, '97081619346'),
('2018-12-19', '19:00:00', '21:00:00', 9, '89052322441'),
('2018-12-19', '20:30:00', '21:15:00', 25, '82040646116'),
('2018-12-19', '16:30:00', '18:30:00', 9, '74090680952'),
('2018-12-19', '19:00:00', '20:00:00', 21, '89061122722'),
('2018-12-19', '17:00:00', '18:00:00', 5, '91052873780'),
('2018-12-20', '17:00:00', '18:30:00', 6, '95091183893'),
('2018-12-20', '16:00:00', '16:50:00', 19, '93111321638'),
('2018-12-20', '20:30:00', '23:00:00', 14, '80111769711'),
('2018-12-20', '17:00:00', '18:15:00', 22, '01230712857'),
('2018-12-20', '19:00:00', '19:50:00', 19, '89072858597'),
('2018-12-20', '20:00:00', '21:15:00', 22, '98052514170'),
('2018-12-20', '18:45:00', '20:15:00', 20, '86021379938'),
('2018-12-20', '20:00:00', '22:00:00', 9, '92052540982'),
('2018-12-20', '20:00:00', '21:30:00', 6, '80032927955'),
('2018-12-20', '19:30:00', '21:30:00', 15, '72092468930'),
('2018-12-20', '20:00:00', '22:00:00', 15, '73102055173'),
('2018-12-20', '20:00:00', '21:30:00', 2, '75111867316'),
('2018-12-20', '20:00:00', '22:00:00', 15, '89051965791'),
('2018-12-20', '20:00:00', '20:45:00', 3, '85080910544'),
('2018-12-21', '16:00:00', '17:00:00', 26, '91091521428'),
('2018-12-21', '20:00:00', '20:45:00', 3, '78061949367'),
('2018-12-21', '20:30:00', '22:00:00', 2, '88041889574'),
('2018-12-21', '17:00:00', '18:00:00', 7, '96091727423'),
('2018-12-21', '19:30:00', '20:30:00', 11, '92110661765'),
('2018-12-21', '20:30:00', '21:30:00', 10, '67101888089'),
('2018-12-21', '19:30:00', '20:30:00', 21, '89021968180'),
('2018-12-21', '20:30:00', '21:15:00', 16, '98010996356'),
('2018-12-21', '20:30:00', '21:15:00', 13, '01303192726'),
('2018-12-21', '20:30:00', '22:00:00', 7, '81061911438'),
('2018-12-21', '20:00:00', '20:45:00', 5, '82121356705'),
('2018-12-21', '20:00:00', '22:00:00', 12, '71111293212'),
('2018-12-21', '20:00:00', '21:00:00', 4, '80112885740'),
('2018-12-21', '20:30:00', '22:30:00', 9, '00312447739'),
('2018-12-21', '20:30:00', '22:30:00', 15, '91091314554'),
('2018-12-21', '16:30:00', '18:30:00', 12, '97052873850'),
('2018-12-22', '20:00:00', '22:30:00', 14, '01271948491'),
('2018-12-29', '19:00:00', '20:15:00', 22, '00220396736'),
('2018-12-22', '20:00:00', '21:00:00', 4, '78061949367'),
('2018-12-22', '19:00:00', '20:15:00', 22, '95091183893'),
('2018-12-22', '16:00:00', '17:00:00', 26, '85080910544'),
('2018-12-22', '16:00:00', '18:30:00', 14, '83070774646'),
('2018-12-22', '17:15:00', '18:00:00', 25, '92121746006'),
('2018-12-22', '16:00:00', '17:30:00', 20, '94110383957'),
('2018-12-22', '20:00:00', '22:00:00', 15, '88081454071'),
('2018-12-22', '20:30:00', '21:15:00', 3, '68010634532'),
('2018-12-22', '20:30:00', '22:30:00', 15, '81120464998'),
('2018-12-22', '20:00:00', '21:00:00', 21, '81041832832'),
('2018-12-22', '19:45:00', '20:55:00', 23, '90071262308'),
('2018-12-23', '20:00:00', '21:30:00', 6, '68091123462'),
('2018-12-23', '20:00:00', '21:00:00', 18, '80112885740'),
('2018-12-23', '20:00:00', '21:00:00', 21, '75111867316'),
('2018-12-23', '19:00:00', '20:00:00', 7, '60042129602'),
('2018-12-23', '16:15:00', '18:15:00', 9, '81072675910'),
('2018-12-23', '20:30:00', '21:40:00', 23, '85061849221'),
('2018-12-23', '20:00:00', '20:45:00', 17, '59121254845'),
('2018-12-23', '20:15:00', '22:15:00', 15, '99121573571'),
('2018-12-23', '16:30:00', '17:15:00', 8, '91050832765'),
('2018-12-23', '16:15:00', '17:15:00', 26, '83041762623'),
('2018-12-24', '16:00:00', '17:30:00', 6, '83030713018'),
('2018-12-24', '20:00:00', '20:45:00', 13, '61120859464'),
('2018-12-24', '20:30:00', '22:30:00', 12, '73050978537'),
('2018-12-24', '18:45:00', '19:45:00', 11, '81030746177'),
('2018-12-24', '20:00:00', '20:50:00', 19, '83071577958'),
('2018-12-24', '17:15:00', '18:05:00', 19, '99012153756'),
('2018-12-24', '16:00:00', '18:00:00', 12, '88032151088'),
('2018-12-24', '16:30:00', '19:00:00', 14, '01291479054'),
('2018-12-24', '19:30:00', '20:30:00', 26, '73033059121'),
('2018-12-24', '06:45:00', '07:30:00', 8, '93111772717'),
('2018-12-24', '02:45:00', '03:30:00', 13, '92050657479'),
('2018-12-24', '19:45:00', '20:45:00', 10, '91080777867'),
('2018-12-25', '17:15:00', '18:15:00', 5, '80032927955'),
('2018-12-25', '19:30:00', '20:15:00', 16, '81061911438'),
('2018-12-25', '17:15:00', '18:00:00', 16, '81072675910'),
('2018-12-25', '16:00:00', '16:45:00', 5, '86030715967'),
('2018-12-25', '16:30:00', '17:15:00', 25, '87121181946'),
('2018-12-25', '19:00:00', '20:00:00', 24, '64061372360'),
('2018-12-30', '20:00:00', '22:00:00', 15, '00220396736'),
('2018-12-25', '19:30:00', '20:15:00', 13, '65081474702'),
('2018-12-25', '16:00:00', '17:00:00', 10, '92110661765'),
('2018-12-26', '17:15:00', '19:15:00', 15, '90071594539'),
('2018-12-26', '17:00:00', '18:15:00', 22, '98061785789'),
('2018-12-26', '20:15:00', '22:15:00', 15, '86030715967'),
('2018-12-26', '20:00:00', '20:30:00', 1, '94100739689'),
('2018-12-26', '20:30:00', '21:15:00', 16, '80082936525'),
('2018-12-26', '19:30:00', '21:00:00', 6, '89052322441'),
('2018-12-26', '20:00:00', '22:30:00', 14, '75040642244'),
('2018-12-26', '16:15:00', '17:00:00', 25, '81120464998'),
('2018-12-26', '17:15:00', '18:15:00', 21, '89072858597'),
('2018-12-26', '20:00:00', '22:00:00', 15, '98010881962'),
('2018-12-26', '19:45:00', '20:30:00', 17, '85022769263'),
('2018-12-03', '20:00:00', '20:45:00', 25, '00221216048'),
('2018-12-26', '16:15:00', '17:00:00', 16, '88060633398'),
('2018-12-26', '20:00:00', '20:45:00', 25, '91122080296'),
('2018-12-26', '20:00:00', '21:00:00', 21, '01291479054'),
('2018-12-26', '17:00:00', '17:45:00', 13, '85061169747'),
('2018-12-27', '19:45:00', '20:55:00', 23, '90081986803'),
('2018-12-27', '19:30:00', '20:15:00', 17, '80112885740'),
('2018-12-27', '17:00:00', '18:30:00', 6, '77021449064'),
('2018-12-27', '16:15:00', '17:15:00', 24, '72092468930'),
('2018-12-27', '16:00:00', '16:45:00', 16, '99121573571'),
('2018-12-27', '17:15:00', '19:15:00', 15, '86061622153'),
('2018-12-27', '18:00:00', '19:00:00', 7, '80111769711'),
('2018-12-27', '20:30:00', '22:00:00', 2, '71111293212'),
('2018-12-27', '16:00:00', '16:45:00', 13, '91052873780'),
('2018-12-27', '20:00:00', '22:00:00', 15, '92050657479'),
('2018-12-27', '18:45:00', '21:15:00', 14, '83122155515'),
('2018-12-28', '20:00:00', '22:00:00', 12, '85022769263'),
('2018-12-25', '18:45:00', '19:30:00', 25, '00221216048'),
('2018-12-28', '20:30:00', '21:30:00', 26, '90071262308'),
('2018-12-28', '19:00:00', '21:00:00', 9, '89051965791'),
('2018-12-28', '20:00:00', '22:30:00', 14, '86012615683'),
('2018-12-28', '20:30:00', '21:30:00', 7, '90120447577'),
('2018-12-28', '20:00:00', '22:30:00', 14, '68010634532'),
('2018-12-28', '17:15:00', '18:15:00', 4, '83041762623'),
('2018-12-28', '19:30:00', '20:15:00', 3, '80111769711'),
('2018-12-28', '19:00:00', '20:30:00', 6, '01303192726'),
('2018-12-28', '16:00:00', '17:30:00', 20, '80032927955'),
('2018-12-28', '16:00:00', '18:00:00', 9, '89072858597'),
('2018-12-28', '19:00:00', '21:30:00', 14, '74091264258'),
('2018-12-29', '19:00:00', '20:30:00', 6, '93030113251'),
('2018-12-17', '20:00:00', '22:00:00', 15, '00252960031'),
('2018-12-29', '17:00:00', '18:30:00', 2, '00312447739'),
('2018-12-29', '20:00:00', '21:00:00', 11, '84061632305'),
('2018-12-29', '19:00:00', '21:00:00', 15, '78012267960'),
('2018-12-22', '20:00:00', '22:00:00', 15, '00252960031'),
('2018-12-29', '20:00:00', '22:00:00', 15, '75071778477'),
('2018-12-29', '20:00:00', '22:00:00', 15, '84080419800'),
('2018-12-29', '20:30:00', '21:15:00', 8, '62011052982'),
('2018-12-29', '19:00:00', '19:45:00', 3, '78012267960'),
('2018-12-29', '20:00:00', '20:50:00', 19, '93111772717'),
('2018-12-30', '20:00:00', '22:00:00', 15, '90050968982'),
('2018-12-30', '17:00:00', '18:00:00', 24, '86061622153'),
('2018-12-30', '20:00:00', '22:00:00', 15, '84080569574'),
('2018-12-30', '20:30:00', '22:00:00', 20, '92121746006'),
('2018-12-30', '17:30:00', '19:00:00', 20, '83040314845'),
('2018-12-30', '19:00:00', '20:15:00', 22, '81111358204'),
('2018-12-30', '19:30:00', '21:00:00', 20, '71070846711'),
('2018-12-30', '16:15:00', '17:15:00', 24, '80032927955'),
('2018-12-30', '20:00:00', '20:45:00', 25, '96050556875'),
('2018-12-26', '20:00:00', '22:00:00', 15, '00252960031'),
('2018-12-30', '17:00:00', '17:45:00', 16, '88032884997');

-- --------------------------------------------------------

--
-- Table structure for table `rodzaj_aktywnosci`
--

CREATE TABLE `rodzaj_aktywnosci` (
  `ID_aktywnosci` int(2) DEFAULT NULL,
  `nazwa_aktywnosci` varchar(21) DEFAULT NULL
) ENGINE=InnoDB DEFAULT CHARSET=utf8 COLLATE=utf8_general_ci;

--
-- Dumping data for table `rodzaj_aktywnosci`
--

INSERT INTO `rodzaj_aktywnosci` (`ID_aktywnosci`, `nazwa_aktywnosci`) VALUES
(1, 'aqua aerobik'),
(2, 'boks'),
(3, 'cycling'),
(4, 'flamenco'),
(5, 'gimnastyka kregoslupa'),
(6, 'joga'),
(7, 'lodowisko'),
(8, 'masaz'),
(9, 'nordic walking'),
(10, 'pilates'),
(11, 'plywanie'),
(12, 'rolki'),
(13, 'sauna'),
(14, 'scianka wspinaczkowa'),
(15, 'silownia'),
(16, 'squash'),
(17, 'step'),
(18, 'stretching'),
(19, 'sztangi'),
(20, 'sztuki walki'),
(21, 'tabata'),
(22, 'tai chi'),
(23, 'taniec solo'),
(24, 'taniec w parach'),
(25, 'turbospalanie'),
(26, 'zumba');
COMMIT;

/*!40101 SET CHARACTER_SET_CLIENT=@OLD_CHARACTER_SET_CLIENT */;
/*!40101 SET CHARACTER_SET_RESULTS=@OLD_CHARACTER_SET_RESULTS */;
/*!40101 SET COLLATION_CONNECTION=@OLD_COLLATION_CONNECTION */;
